seed,seat,won_off,won_on,won_diff,final_vp_off,final_vp_on,final_vp_diff,roads_off,roads_on,roads_diff,settlements_off,settlements_on,settlements_diff,cities_off,cities_on,cities_diff,dev_cards_off,dev_cards_on,dev_cards_diff,has_longest_road_off,has_longest_road_on,has_longest_road_diff,has_largest_army_off,has_largest_army_on,has_largest_army_diff,runtime_seconds_off,runtime_seconds_on,runtime_seconds_diff
0,0,0,0,0,4,4,0,6,6,0,4,4,0,0,0,0,4,4,0,0,0,0,0,0,0,1.5426062922924757,1.5144678745418787,-0.028138417750597
1,1,0,0,0,8,8,0,6,6,0,2,2,0,2,2,0,5,5,0,0,0,0,0,0,0,1.5187885826453567,1.5179990828037262,-0.0007894998416304588
2,2,1,1,0,10,10,0,8,8,0,5,5,0,1,1,0,1,1,0,1,1,0,0,0,0,1.142416249960661,1.1475898325443268,0.005173582583665848
3,3,0,0,0,9,9,0,12,12,0,5,5,0,0,0,0,3,3,0,1,1,0,0,0,0,2.2129789162427187,2.1566952085122466,-0.05628370773047209
4,0,1,1,0,10,10,0,7,7,0,3,3,0,3,3,0,2,2,0,0,0,0,0,0,0,1.5804620003327727,1.5714725824072957,-0.008989417925477028
5,1,0,0,0,9,9,0,13,13,0,5,5,0,2,2,0,3,3,0,0,0,0,0,0,0,3.3582336250692606,3.383026707917452,0.02479308284819126
6,2,0,0,0,8,8,0,11,11,0,3,3,0,2,2,0,3,3,0,0,0,0,0,0,0,2.1558258328586817,2.035866708494723,-0.11995912436395884
7,3,0,0,0,7,7,0,9,9,0,4,4,0,1,1,0,4,4,0,0,0,0,0,0,0,2.11008904222399,1.8679073322564363,-0.24218170996755362
8,0,1,1,0,10,10,0,9,9,0,2,2,0,4,4,0,1,1,0,0,0,0,0,0,0,1.9467699155211449,1.9361189575865865,-0.010650957934558392
9,1,0,0,0,9,9,0,9,9,0,3,3,0,3,3,0,6,6,0,0,0,0,0,0,0,2.560807917267084,2.5795272076502442,0.018719290383160114
10,2,1,1,0,10,10,0,9,9,0,2,2,0,4,4,0,1,1,0,0,0,0,0,0,0,2.0153622096404433,2.0015393337234855,-0.013822875916957855
11,3,1,1,0,10,10,0,14,14,0,4,4,0,2,2,0,3,3,0,1,1,0,0,0,0,3.5745214158669114,3.5761401671916246,0.0016187513247132301
12,0,1,1,0,10,10,0,6,6,0,1,1,0,4,4,0,6,6,0,0,0,0,0,0,0,2.6778804594650865,2.6999220000579953,0.02204154059290886
13,1,1,1,0,10,10,0,12,12,0,5,5,0,1,1,0,4,4,0,1,1,0,0,0,0,2.0582876661792397,2.0624355003237724,0.0041478341445326805
14,2,1,1,0,10,10,0,10,10,0,5,5,0,1,1,0,7,7,0,0,0,0,0,0,0,2.300960958003998,2.391612791456282,0.09065183345228434
15,3,1,1,0,10,10,0,7,7,0,0,0,0,4,4,0,3,3,0,0,0,0,0,0,0,1.817252834327519,1.8072671247646213,-0.009985709562897682
16,0,0,0,0,4,4,0,4,4,0,4,4,0,0,0,0,5,5,0,0,0,0,0,0,0,1.5458786245435476,1.5406452910974622,-0.005233333446085453
17,1,1,1,0,10,10,0,13,13,0,5,5,0,1,1,0,2,2,0,1,1,0,0,0,0,2.6937875831499696,2.708164875395596,0.01437729224562645
18,2,0,0,0,4,4,0,10,10,0,4,4,0,0,0,0,3,3,0,0,0,0,0,0,0,2.00648208335042,1.9954467080533504,-0.01103537529706955
19,3,1,1,0,10,10,0,10,10,0,4,4,0,2,2,0,7,7,0,0,0,0,0,0,0,2.243840499781072,2.2184234587475657,-0.025417041033506393
20,0,0,1,1,8,10,2,4,9,5,0,1,1,4,4,0,6,5,-1,0,0,0,0,0,0,2.198656708933413,3.163117166608572,0.964460457675159
21,1,1,1,0,10,10,0,7,7,0,2,2,0,4,4,0,6,6,0,0,0,0,0,0,0,2.626529583707452,2.6320157926529646,0.005486208945512772
22,2,0,0,0,6,6,0,8,8,0,5,5,0,0,0,0,2,2,0,0,0,0,0,0,0,1.422476957552135,1.4152525421231985,-0.0072244154289364815
23,3,0,0,0,5,5,0,3,3,0,2,2,0,1,1,0,3,3,0,0,0,0,0,0,0,1.0690712500363588,1.077059875242412,0.007988625206053257
24,0,0,0,0,5,5,0,8,8,0,5,5,0,0,0,0,2,2,0,0,0,0,0,0,0,1.3465614151209593,1.3465259168297052,-3.549829125404358e-05
25,1,0,0,0,9,9,0,15,15,0,5,5,0,1,1,0,1,1,0,1,1,0,0,0,0,3.450308875180781,4.03364441730082,0.5833355421200395
26,2,0,0,0,7,7,0,7,7,0,2,2,0,2,2,0,3,3,0,0,0,0,0,0,0,1.5458091665059328,1.5403704158961773,-0.005438750609755516
27,3,1,1,0,10,10,0,11,11,0,2,2,0,4,4,0,5,5,0,0,0,0,0,0,0,3.240028750151396,3.2659201668575406,0.02589141670614481
28,0,0,0,0,4,5,1,5,10,5,3,5,2,0,0,0,6,5,-1,0,0,0,0,0,0,1.780335083603859,2.4202931663021445,0.6399580826982856
29,1,0,0,0,8,8,0,9,9,0,4,4,0,1,1,0,2,2,0,1,1,0,0,0,0,2.291334791108966,2.2916666250675917,0.00033183395862579346
30,2,0,0,0,9,9,0,7,7,0,2,2,0,3,3,0,4,4,0,0,0,0,0,0,0,2.2445811247453094,2.222605749964714,-0.021975374780595303
31,3,0,0,0,7,7,0,4,4,0,1,1,0,3,3,0,4,4,0,0,0,0,0,0,0,1.7116434583440423,1.7315922500565648,0.019948791712522507
32,0,0,0,0,6,6,0,6,6,0,3,3,0,1,1,0,5,5,0,0,0,0,0,0,0,1.548171792179346,1.5459955427795649,-0.002176249399781227
33,1,0,0,0,8,8,0,5,5,0,1,1,0,3,3,0,5,5,0,0,0,0,0,0,0,1.6100299581885338,1.5953051652759314,-0.014724792912602425
34,2,0,0,0,6,6,0,6,6,0,0,0,0,3,3,0,1,1,0,0,0,0,0,0,0,1.4975033337250352,1.5130189582705498,0.015515624545514584
35,3,1,1,0,10,10,0,9,9,0,3,3,0,3,3,0,4,4,0,0,0,0,0,0,0,2.675484917126596,2.6258465414866805,-0.049638375639915466
36,0,1,1,0,10,10,0,10,10,0,5,5,0,1,1,0,7,7,0,0,0,0,0,0,0,1.9706225423142314,1.9733230415731668,0.0027004992589354515
37,1,0,0,0,8,8,0,11,11,0,4,4,0,2,2,0,1,1,0,0,0,0,0,0,0,2.56951866671443,2.7200557086616755,0.1505370419472456
38,2,0,0,0,7,7,0,10,10,0,5,5,0,0,0,0,3,3,0,1,1,0,0,0,0,2.6538437912240624,2.023902832530439,-0.6299409586936235
39,3,0,0,0,5,5,0,7,7,0,5,5,0,0,0,0,3,3,0,0,0,0,0,0,0,1.7743478333577514,1.7348547913134098,-0.039493042044341564
40,0,1,1,0,10,10,0,5,5,0,0,0,0,3,3,0,6,6,0,1,1,0,0,0,0,0.7236741669476032,0.7327655414119363,0.009091374464333057
41,1,1,1,0,10,10,0,7,7,0,4,4,0,2,2,0,6,6,0,0,0,0,0,0,0,2.0553597500547767,2.030302249826491,-0.02505750022828579
42,2,1,1,0,10,10,0,8,8,0,5,5,0,0,0,0,5,5,0,1,1,0,0,0,0,1.1316395001485944,1.1344542494043708,0.0028147492557764053
43,3,1,1,0,10,10,0,10,10,0,5,5,0,2,2,0,5,5,0,0,0,0,0,0,0,2.0436749579384923,2.049502999521792,0.005828041583299637
44,0,1,1,0,10,10,0,8,8,0,0,0,0,4,4,0,5,5,0,0,0,0,0,0,0,1.8577257078140974,1.8185263751074672,-0.03919933270663023
45,1,1,1,0,10,10,0,12,12,0,5,5,0,1,1,0,5,5,0,1,1,0,0,0,0,1.8372127078473568,3.5749666253104806,1.7377539174631238
46,2,1,1,0,10,10,0,10,10,0,4,4,0,2,2,0,4,4,0,0,0,0,0,0,0,2.429394541308284,2.30100916698575,-0.1283853743225336
47,3,0,0,0,8,8,0,8,8,0,5,5,0,1,1,0,4,4,0,0,0,0,0,0,0,2.3664838345721364,2.3736104164272547,0.007126581855118275
48,0,0,0,0,8,8,0,6,6,0,4,4,0,1,1,0,5,5,0,0,0,0,0,0,0,1.595403166487813,1.5802952079102397,-0.0151079585775733
49,1,1,1,0,10,10,0,12,13,1,4,4,0,1,2,1,5,8,3,1,0,-1,0,0,0,1.8927609585225582,3.7942146249115467,1.9014536663889885
50,2,0,0,0,5,5,0,7,7,0,1,1,0,2,2,0,1,1,0,0,0,0,0,0,0,1.1765851667150855,1.1901912093162537,0.013606042601168156
51,3,0,0,0,9,9,0,9,9,0,4,4,0,2,2,0,1,1,0,0,0,0,0,0,0,1.942036708816886,1.9179447079077363,-0.024092000909149647
52,0,1,1,0,10,10,0,11,11,0,4,4,0,2,2,0,2,2,0,1,1,0,0,0,0,1.4380111256614327,1.4005989572033286,-0.037412168458104134
53,1,0,0,0,6,6,0,11,11,0,5,5,0,0,0,0,4,4,0,0,0,0,0,0,0,1.9995130002498627,1.9886682918295264,-0.010844708420336246
54,2,0,0,0,6,6,0,3,3,0,1,1,0,2,2,0,7,7,0,0,0,0,0,0,0,1.502089375630021,1.4015879994258285,-0.10050137620419264
55,3,1,1,0,10,10,0,14,14,0,4,4,0,2,2,0,4,4,0,1,1,0,0,0,0,2.4413747088983655,3.134433957748115,0.6930592488497496
56,0,0,0,0,6,6,0,10,10,0,5,5,0,0,0,0,4,4,0,0,0,0,0,0,0,2.4726064587011933,1.8133154166862369,-0.6592910420149565
57,1,0,0,0,7,7,0,3,3,0,1,1,0,2,2,0,7,7,0,0,0,0,0,0,0,1.9322390407323837,1.9546935418620706,0.022454501129686832
58,2,0,0,0,6,6,0,7,7,0,2,2,0,2,2,0,5,5,0,0,0,0,0,0,0,2.548729833215475,2.6479179998859763,0.09918816667050123
59,3,1,1,0,10,10,0,13,13,0,5,5,0,1,1,0,2,2,0,1,1,0,0,0,0,2.0232786256819963,2.0320182908326387,0.008739665150642395
60,0,0,0,0,7,7,0,12,12,0,4,4,0,1,1,0,4,4,0,0,0,0,0,0,0,2.230996041558683,2.58588045835495,0.35488441679626703
61,1,0,0,0,7,7,0,6,6,0,4,4,0,1,1,0,4,4,0,0,0,0,0,0,0,1.8792634159326553,1.8151972917839885,-0.06406612414866686
62,2,0,0,0,7,7,0,10,10,0,3,3,0,2,2,0,1,1,0,0,0,0,0,0,0,4.207272167317569,3.0874255001544952,-1.119846667163074
63,3,0,0,0,6,6,0,3,3,0,0,0,0,3,3,0,2,2,0,0,0,0,0,0,0,1.3790689576417208,1.8420819584280252,0.4630130007863045
64,0,0,0,0,7,7,0,5,5,0,2,2,0,2,2,0,4,4,0,0,0,0,0,0,0,2.4315249994397163,2.513141041621566,0.08161604218184948
65,1,0,0,0,8,8,0,7,7,0,2,2,0,3,3,0,1,1,0,0,0,0,0,0,0,2.3183813337236643,2.1069955825805664,-0.21138575114309788
66,2,0,0,0,5,5,0,5,5,0,4,4,0,0,0,0,6,6,0,0,0,0,0,0,0,1.7743910001590848,1.8810874577611685,0.10669645760208368
67,3,1,1,0,10,10,0,15,15,0,3,3,0,2,2,0,5,5,0,1,1,0,0,0,0,2.7952854158356786,3.118409584276378,0.3231241684406996
68,0,1,1,0,10,10,0,8,8,0,3,3,0,2,2,0,6,6,0,0,0,0,0,0,0,2.704297624528408,2.6560701252892613,-0.04822749923914671
69,1,0,0,0,9,9,0,8,8,0,0,0,0,4,4,0,4,4,0,0,0,0,0,0,0,3.1758652916178107,2.4584538340568542,-0.7174114575609565
70,2,1,1,0,10,10,0,7,7,0,1,1,0,3,3,0,5,5,0,0,0,0,0,0,0,2.621389750391245,2.642814291641116,0.021424541249871254
71,3,1,1,0,10,10,0,7,7,0,3,3,0,2,2,0,4,4,0,0,0,0,0,0,0,1.9619249161332846,2.759897166863084,0.7979722507297993
72,0,1,1,0,10,10,0,7,7,0,1,1,0,4,4,0,4,4,0,0,0,0,0,0,0,2.1734058745205402,2.289839499630034,0.11643362510949373
73,1,0,0,0,7,7,0,9,9,0,5,5,0,0,0,0,6,6,0,0,0,0,0,0,0,1.8596017081290483,1.7585920840501785,-0.10100962407886982
74,2,0,0,0,6,6,0,7,7,0,3,3,0,1,1,0,5,5,0,0,0,0,0,0,0,1.6746179582551122,1.9640038330107927,0.28938587475568056
75,3,1,1,0,10,10,0,10,11,1,4,4,0,2,2,0,3,2,-1,1,1,0,0,0,0,2.0700621670112014,2.9776161247864366,0.9075539577752352
76,0,0,0,0,5,5,0,7,7,0,5,5,0,0,0,0,1,1,0,0,0,0,0,0,0,2.7133091669529676,2.6952455416321754,-0.018063625320792198
77,1,0,0,0,5,5,0,6,6,0,4,4,0,0,0,0,6,6,0,0,0,0,0,0,0,1.7632014164701104,1.7870657071471214,0.023864290677011013
78,2,1,1,0,10,10,0,10,10,0,1,1,0,4,4,0,4,4,0,0,0,0,0,0,0,2.1361560001969337,2.441776958294213,0.30562095809727907
79,3,1,1,0,10,10,0,10,10,0,5,5,0,1,1,0,2,2,0,1,1,0,0,0,0,1.4430955005809665,1.876901083625853,0.4338055830448866
80,0,1,1,0,10,10,0,7,7,0,1,1,0,4,4,0,5,5,0,0,0,0,0,0,0,3.5711469585075974,3.012145667336881,-0.5590012911707163
81,1,0,0,0,7,7,0,5,5,0,0,0,0,3,3,0,6,6,0,0,0,0,0,0,0,1.7096645003184676,1.72121287509799,0.011548374779522419
82,2,1,1,0,10,10,0,12,12,0,5,5,0,1,1,0,3,3,0,1,1,0,0,0,0,2.312187667004764,2.2920962907373905,-0.020091376267373562
83,3,0,0,0,5,5,0,8,8,0,3,3,0,1,1,0,4,4,0,0,0,0,0,0,0,1.765820624306798,1.7952464576810598,0.029425833374261856
84,0,0,0,0,6,6,0,13,13,0,4,4,0,1,1,0,2,2,0,0,0,0,0,0,0,2.482732250355184,2.5066823745146394,0.0239501241594553
85,1,0,0,0,8,8,0,10,10,0,5,5,0,0,0,0,1,1,0,1,1,0,0,0,0,1.6466252924874425,1.7559089995920658,0.10928370710462332
86,2,0,0,0,4,4,0,5,5,0,3,3,0,0,0,0,5,5,0,0,0,0,0,0,0,1.2771198749542236,1.2193749584257603,-0.057744916528463364
87,3,0,0,0,4,4,0,7,7,0,4,4,0,0,0,0,6,6,0,0,0,0,0,0,0,1.7586100827902555,1.6626119995489717,-0.0959980832412839
88,0,1,1,0,10,10,0,13,13,0,4,4,0,2,2,0,1,1,0,1,1,0,0,0,0,1.9947459176182747,2.5003208750858903,0.5055749574676156
89,1,0,0,0,6,6,0,6,6,0,4,4,0,0,0,0,7,7,0,0,0,0,0,0,0,2.6993908751755953,2.727637625299394,0.028246750123798847
90,2,0,0,0,9,9,0,7,7,0,0,0,0,4,4,0,2,2,0,0,0,0,0,0,0,2.479351207613945,3.107364750467241,0.6280135428532958
91,3,0,0,0,6,6,0,3,3,0,3,3,0,0,0,0,9,9,0,0,0,0,0,0,0,2.394247875548899,2.425885667093098,0.03163779154419899
92,0,1,1,0,11,11,0,11,14,3,5,5,0,2,2,0,4,8,4,1,1,0,0,0,0,2.245876207947731,2.8992984164506197,0.6534222085028887
93,1,0,0,0,5,5,0,9,9,0,5,5,0,0,0,0,1,1,0,0,0,0,0,0,0,1.6775128338485956,1.7713039154186845,0.09379108157008886
94,2,0,0,0,9,9,0,12,12,0,4,4,0,1,1,0,3,3,0,1,1,0,0,0,0,2.896007040515542,2.941790707409382,0.045783666893839836
95,3,1,1,0,10,10,0,15,15,0,4,4,0,2,2,0,6,6,0,0,0,0,0,0,0,2.6711577074602246,2.6935372073203325,0.0223794998601079
96,0,0,0,0,8,8,0,9,9,0,2,2,0,2,2,0,4,4,0,0,0,0,0,0,0,1.7188913328573108,1.7802386675029993,0.061347334645688534
97,1,0,0,0,8,8,0,9,9,0,4,4,0,2,2,0,1,1,0,0,0,0,0,0,0,2.2728243758901954,2.2322366666048765,-0.04058770928531885
98,2,1,1,0,10,10,0,15,15,0,4,4,0,2,2,0,0,0,0,1,1,0,0,0,0,3.099496791139245,3.147114207968116,0.04761741682887077
99,3,0,0,0,7,7,0,14,14,0,5,5,0,0,0,0,5,5,0,1,1,0,0,0,0,2.854185708798468,4.437337375245988,1.5831516664475203
100,0,0,0,0,9,9,0,5,5,0,1,1,0,3,3,0,7,7,0,0,0,0,0,0,0,1.9757856670767069,1.9777399580925703,0.0019542910158634186
101,1,1,1,0,10,10,0,12,12,0,0,2,2,4,3,-1,3,2,-1,1,1,0,0,0,0,2.3234304171055555,2.690643041394651,0.3672126242890954
102,2,1,1,0,10,10,0,10,10,0,3,3,0,2,2,0,3,3,0,1,1,0,0,0,0,2.1954639991745353,2.176555416546762,-0.018908582627773285
103,3,1,1,0,10,10,0,15,15,0,5,5,0,1,1,0,7,7,0,1,1,0,0,0,0,3.5470472928136587,3.58407074958086,0.037023456767201424
104,0,0,0,0,8,8,0,7,7,0,3,3,0,2,2,0,4,4,0,0,0,0,0,0,0,2.1560010006651282,2.1569381672888994,0.0009371666237711906
105,1,0,0,0,8,8,0,9,9,0,4,4,0,2,2,0,5,5,0,0,0,0,0,0,0,2.4886450823396444,2.535493333823979,0.04684825148433447
106,2,1,1,0,10,10,0,8,8,0,1,1,0,4,4,0,2,2,0,0,0,0,0,0,0,1.9002824164927006,1.9420471247285604,0.04176470823585987
107,3,1,1,0,10,10,0,8,8,0,4,4,0,2,2,0,4,4,0,0,0,0,0,0,0,1.468454459682107,1.4886847073212266,0.020230247639119625
108,0,1,1,0,10,10,0,9,9,0,1,1,0,4,4,0,1,1,0,0,0,0,0,0,0,2.095245291478932,4.149618833325803,2.0543735418468714
109,1,0,0,0,9,9,0,8,8,0,3,3,0,2,2,0,5,5,0,0,0,0,0,0,0,2.429475416429341,2.8101156670600176,0.38064025063067675
110,2,1,1,0,10,10,0,11,11,0,3,3,0,3,3,0,4,4,0,0,0,0,0,0,0,1.961087666451931,2.047918458469212,0.08683079201728106
111,3,1,1,0,10,10,0,11,11,0,4,4,0,3,3,0,1,1,0,0,0,0,0,0,0,2.2763816667720675,2.3145930003374815,0.03821133356541395
112,0,0,0,0,7,7,0,9,9,0,5,5,0,1,1,0,2,2,0,0,0,0,0,0,0,2.1098871659487486,2.0973530830815434,-0.012534082867205143
113,1,1,1,0,10,10,0,9,9,0,5,5,0,1,1,0,1,1,0,1,1,0,0,0,0,1.4240019582211971,1.4181660423055291,-0.005835915915668011
114,2,0,0,0,8,8,0,10,10,0,5,5,0,0,0,0,4,4,0,1,1,0,0,0,0,1.7299521258100867,1.744886750355363,0.014934624545276165
115,3,1,1,0,10,10,0,10,10,0,3,3,0,3,3,0,4,4,0,0,0,0,0,0,0,2.6362129598855972,2.719845707528293,0.0836327476426959
116,0,0,0,0,8,8,0,11,11,0,4,4,0,1,1,0,7,7,0,0,0,0,0,0,0,2.533742541447282,2.4527811678126454,-0.0809613736346364
117,1,0,0,0,9,9,0,14,14,0,4,4,0,2,2,0,6,6,0,0,0,0,0,0,0,3.4337426256388426,3.4161791671067476,-0.017563458532094955
118,2,0,0,0,9,9,0,12,12,0,4,4,0,1,1,0,3,3,0,1,1,0,0,0,0,2.415420708246529,2.390458583831787,-0.024962124414741993
119,3,0,0,0,9,9,0,13,13,0,4,4,0,1,1,0,6,6,0,1,1,0,0,0,0,2.2302779583260417,2.316881666891277,0.08660370856523514
120,0,0,0,0,6,6,0,8,8,0,2,2,0,2,2,0,6,6,0,0,0,0,0,0,0,1.7951824581250548,1.8212858326733112,0.026103374548256397
121,1,1,1,0,10,10,0,10,10,0,3,3,0,3,3,0,2,2,0,0,0,0,0,0,0,2.115432624705136,2.088478457182646,-0.026954167522490025
122,2,1,1,0,10,10,0,12,12,0,5,5,0,1,1,0,4,4,0,1,1,0,0,0,0,2.524460082873702,2.4172125412151217,-0.1072475416585803
123,3,0,0,0,9,9,0,11,11,0,5,5,0,0,0,0,6,6,0,1,1,0,0,0,0,2.428976292721927,2.3350476659834385,-0.09392862673848867
124,0,1,1,0,10,10,0,6,6,0,2,2,0,3,3,0,8,8,0,0,0,0,0,0,0,2.767795958556235,3.0393343325704336,0.2715383740141988
125,1,1,1,0,10,10,0,14,14,0,5,5,0,1,1,0,4,4,0,1,1,0,0,0,0,2.4108262918889523,3.465750999748707,1.0549247078597546
126,2,0,0,0,6,6,0,11,11,0,5,5,0,0,0,0,4,4,0,0,0,0,0,0,0,2.259403208270669,3.024486000649631,0.765082792378962
127,3,0,0,0,5,5,0,11,11,0,5,5,0,0,0,0,3,3,0,0,0,0,0,0,0,2.6225055418908596,2.6198902083560824,-0.0026153335347771645
128,0,0,0,0,8,8,0,11,11,0,4,4,0,2,2,0,7,7,0,0,0,0,0,0,0,2.6541450833901763,2.552857874892652,-0.10128720849752426
129,1,0,0,0,9,9,0,9,9,0,3,3,0,3,3,0,3,3,0,0,0,0,0,0,0,2.3739348333328962,2.3206848334521055,-0.05324999988079071
130,2,1,1,0,10,10,0,9,9,0,3,3,0,2,2,0,7,7,0,1,1,0,0,0,0,2.337350166402757,2.467564375139773,0.13021420873701572
131,3,1,1,0,10,10,0,9,9,0,5,5,0,2,2,0,7,7,0,0,0,0,0,0,0,2.5146731669083238,2.4689696673303843,-0.04570349957793951
132,0,1,1,0,10,10,0,10,10,0,4,4,0,1,1,0,7,7,0,1,1,0,0,0,0,1.9178016250953078,1.9120224164798856,-0.005779208615422249
133,1,0,0,0,9,9,0,12,12,0,5,5,0,1,1,0,4,4,0,0,0,0,0,0,0,2.4622336672618985,2.446678167209029,-0.01555550005286932
134,2,1,1,0,10,10,0,13,13,0,3,3,0,2,2,0,3,3,0,1,1,0,0,0,0,1.9204907091334462,1.9042839156463742,-0.01620679348707199
135,3,0,0,0,8,8,0,10,10,0,3,3,0,2,2,0,4,4,0,0,0,0,0,0,0,2.0216852072626352,2.00995562504977,-0.011729582212865353
136,0,1,1,0,10,10,0,5,5,0,1,1,0,3,3,0,6,6,0,0,0,0,0,0,0,2.2548124166205525,2.2360337916761637,-0.018778624944388866
137,1,0,0,0,7,7,0,3,3,0,0,0,0,3,3,0,2,2,0,0,0,0,0,0,0,1.1826503342017531,1.1814539590850472,-0.0011963751167058945
138,2,0,0,0,7,7,0,13,13,0,4,4,0,1,1,0,6,6,0,0,0,0,0,0,0,2.3951850002631545,2.381859667599201,-0.013325332663953304
139,3,1,1,0,10,10,0,13,13,0,4,4,0,2,2,0,9,9,0,0,0,0,0,0,0,3.6964374594390392,3.66701512504369,-0.029422334395349026
140,0,0,0,0,8,8,0,5,5,0,1,1,0,3,3,0,4,4,0,0,0,0,0,0,0,2.27930395770818,2.4921428337693214,0.2128388760611415
141,1,0,0,0,9,9,0,3,3,0,1,1,0,2,2,0,6,6,0,0,0,0,0,0,0,1.9640988754108548,1.9428044995293021,-0.021294375881552696
142,2,0,0,0,6,6,0,4,4,0,2,2,0,1,1,0,6,6,0,0,0,0,0,0,0,2.049456083215773,2.040433124639094,-0.00902295857667923
143,3,1,1,0,10,10,0,9,9,0,0,0,0,4,4,0,3,3,0,1,1,0,0,0,0,1.672800250351429,1.6697901673614979,-0.0030100829899311066
144,0,1,1,0,10,10,0,8,8,0,3,3,0,2,2,0,6,6,0,0,0,0,0,0,0,2.0092285415157676,1.9457887094467878,-0.06343983206897974
145,1,0,0,0,8,8,0,7,7,0,3,3,0,2,2,0,2,2,0,0,0,0,0,0,0,2.179783542640507,2.2743046255782247,0.09452108293771744
146,2,1,1,0,10,10,0,10,10,0,5,5,0,1,1,0,5,5,0,1,1,0,0,0,0,1.5312876254320145,1.620842874981463,0.08955524954944849
147,3,0,0,0,8,8,0,5,5,0,1,1,0,3,3,0,6,6,0,0,0,0,0,0,0,1.8905847920104861,1.9598579164594412,0.06927312444895506
148,0,0,0,0,9,9,0,12,12,0,4,4,0,1,1,0,2,2,0,1,1,0,0,0,0,1.5035968758165836,1.5333083346486092,0.029711458832025528
149,1,1,1,0,10,10,0,12,12,0,4,4,0,2,2,0,3,3,0,1,1,0,0,0,0,2.0813262090086937,2.0739045003429055,-0.007421708665788174
150,2,0,0,0,5,5,0,11,11,0,5,5,0,0,0,0,6,6,0,0,0,0,0,0,0,1.911599458195269,1.9401516243815422,0.028552166186273098
151,3,0,0,0,4,4,0,7,7,0,4,4,0,0,0,0,2,2,0,0,0,0,0,0,0,1.746906291693449,1.7644642908126116,0.01755799911916256
152,0,0,0,0,4,4,0,6,6,0,2,2,0,1,1,0,0,0,0,0,0,0,0,0,0,0.8090484580025077,0.8087108340114355,-0.0003376239910721779
153,1,1,1,0,10,10,0,9,9,0,4,4,0,1,1,0,4,4,0,1,1,0,0,0,0,1.764343250542879,1.735802291892469,-0.028540958650410175
154,2,0,0,0,4,4,0,5,5,0,4,4,0,0,0,0,1,1,0,0,0,0,0,0,0,1.1795735824853182,1.1855455841869116,0.005972001701593399
155,3,1,1,0,10,10,0,14,14,0,5,5,0,1,1,0,4,4,0,1,1,0,0,0,0,2.3383259177207947,2.1865916661918163,-0.15173425152897835
156,0,1,1,0,10,10,0,6,6,0,2,2,0,3,3,0,5,5,0,0,0,0,0,0,0,1.8572042919695377,1.928858958184719,0.07165466621518135
157,1,1,1,0,10,10,0,9,9,0,4,4,0,2,2,0,3,3,0,0,0,0,0,0,0,2.7153503326699138,2.722710333764553,0.007360001094639301
158,2,1,1,0,10,10,0,6,6,0,1,1,0,4,4,0,1,1,0,0,0,0,0,0,0,1.745805375277996,1.7321496671065688,-0.01365570817142725
159,3,0,0,0,8,8,0,6,6,0,3,3,0,2,2,0,5,5,0,0,0,0,0,0,0,1.5360590405762196,1.4804601659998298,-0.05559887457638979
160,0,1,1,0,10,10,0,10,10,0,1,1,0,4,4,0,4,4,0,0,0,0,0,0,0,2.327982542105019,2.8360704174265265,0.5080878753215075
161,1,1,1,0,10,10,0,12,12,0,4,4,0,2,2,0,0,0,0,1,1,0,0,0,0,2.1292548747733235,2.180625917389989,0.05137104261666536
162,2,1,1,0,10,10,0,10,10,0,4,4,0,1,1,0,2,2,0,1,1,0,0,0,0,1.7393552921712399,1.6423692917451262,-0.0969860004261136
163,3,0,0,0,9,9,0,8,8,0,4,4,0,1,1,0,7,7,0,0,0,0,0,0,0,2.0421369578689337,2.063358750194311,0.021221792325377464
164,0,0,0,0,5,5,0,9,9,0,5,5,0,0,0,0,3,3,0,0,0,0,0,0,0,1.213078291155398,1.2104593329131603,-0.002618958242237568
165,1,0,0,0,4,4,0,3,3,0,1,1,0,1,1,0,7,7,0,0,0,0,0,0,0,1.6003007926046848,1.5984822921454906,-0.0018185004591941833
166,2,0,0,0,9,9,0,11,11,0,5,5,0,2,2,0,3,3,0,0,0,0,0,0,0,2.5988175412639976,2.6073022494092584,0.00848470814526081
167,3,1,1,0,10,10,0,11,11,0,5,5,0,2,2,0,6,6,0,0,0,0,0,0,0,2.802147749811411,2.7702247500419617,-0.031922999769449234
168,0,0,0,0,8,8,0,3,3,0,0,0,0,3,3,0,7,7,0,0,0,0,0,0,0,1.781108875758946,1.768740457482636,-0.012368418276309967
169,1,0,0,0,2,2,0,11,11,0,2,2,0,0,0,0,1,1,0,0,0,0,0,0,0,1.274861834011972,1.2634689584374428,-0.011392875574529171
170,2,0,0,0,6,6,0,10,10,0,4,4,0,1,1,0,3,3,0,0,0,0,0,0,0,2.008225250057876,1.971886333078146,-0.03633891697973013
171,3,0,0,0,6,6,0,10,10,0,4,4,0,1,1,0,4,4,0,0,0,0,0,0,0,1.8737394586205482,1.8612492913380265,-0.012490167282521725
172,0,1,1,0,10,10,0,13,13,0,3,3,0,2,2,0,4,4,0,1,1,0,0,0,0,1.8963505420833826,1.895610375329852,-0.0007401667535305023
173,1,0,0,0,6,6,0,5,5,0,3,3,0,1,1,0,1,1,0,0,0,0,0,0,0,2.002606250345707,1.9868659162893891,-0.015740334056317806
174,2,0,0,0,6,6,0,6,6,0,4,4,0,0,0,0,2,2,0,0,0,0,0,0,0,0.8834926253184676,0.8944449992850423,0.010952373966574669
175,3,0,0,0,9,9,0,9,9,0,1,1,0,4,4,0,0,0,0,0,0,0,0,0,0,2.472379165701568,2.444025750271976,-0.028353415429592133
176,0,1,1,0,10,10,0,12,12,0,4,4,0,1,1,0,3,3,0,1,1,0,0,0,0,1.6494946666061878,1.6692366674542427,0.019742000848054886
177,1,0,0,0,8,8,0,11,11,0,5,5,0,1,1,0,3,3,0,0,0,0,0,0,0,2.1011462081223726,2.1098774587735534,0.008731250651180744
178,2,0,0,0,6,6,0,10,10,0,4,4,0,1,1,0,3,3,0,0,0,0,0,0,0,2.286760582588613,2.2519979998469353,-0.03476258274167776
179,3,1,1,0,10,10,0,7,7,0,4,4,0,2,2,0,2,2,0,0,0,0,0,0,0,1.2485117502510548,1.3511379165574908,0.10262616630643606
180,0,1,1,0,10,10,0,10,10,0,5,5,0,2,2,0,3,3,0,0,0,0,0,0,0,1.9641180830076337,1.9139458751305938,-0.05017220787703991
181,1,1,1,0,10,10,0,8,8,0,1,1,0,4,4,0,7,7,0,0,0,0,0,0,0,2.5848710825666785,2.5847809575498104,-9.012501686811447e-05
182,2,1,1,0,11,11,0,14,14,0,4,4,0,2,2,0,4,4,0,1,1,0,0,0,0,2.28991795796901,2.3124740831553936,0.022556125186383724
183,3,1,1,0,10,10,0,15,15,0,4,4,0,3,3,0,4,4,0,0,0,0,0,0,0,2.398916583508253,2.351308791898191,-0.04760779161006212
184,0,1,1,0,10,10,0,12,12,0,5,5,0,1,1,0,7,7,0,1,1,0,0,0,0,2.520677042193711,2.5127813750877976,-0.007895667105913162
185,1,1,1,0,10,10,0,15,15,0,4,4,0,2,2,0,2,2,0,1,1,0,0,0,0,2.414769041351974,2.3796323342248797,-0.03513670712709427
186,2,0,0,0,4,4,0,3,3,0,3,3,0,0,0,0,3,3,0,0,0,0,0,0,0,1.338177416473627,1.3672530418261886,0.029075625352561474
187,3,1,1,0,10,10,0,12,12,0,3,3,0,3,3,0,2,2,0,0,0,0,0,0,0,2.5130799170583487,2.4923633756116033,-0.020716541446745396
188,0,0,0,0,7,7,0,6,6,0,1,1,0,3,3,0,2,2,0,0,0,0,0,0,0,1.588164540939033,1.5558154582977295,-0.03234908264130354
189,1,1,1,0,10,10,0,7,7,0,1,1,0,4,4,0,2,2,0,0,0,0,0,0,0,2.139552959240973,2.236259415745735,0.09670645650476217
190,2,0,0,0,6,6,0,9,9,0,5,5,0,0,0,0,5,5,0,0,0,0,0,0,0,1.6018238747492433,1.6097202086821198,0.007896333932876587
191,3,0,0,0,6,6,0,4,4,0,1,1,0,2,2,0,5,5,0,0,0,0,0,0,0,2.443202749826014,2.418931541033089,-0.02427120879292488
192,0,1,1,0,10,10,0,14,14,0,4,4,0,2,2,0,2,2,0,1,1,0,0,0,0,2.281084374524653,2.190543125383556,-0.09054124914109707
193,1,0,0,0,7,7,0,13,13,0,5,5,0,0,0,0,7,7,0,1,1,0,0,0,0,2.034458958543837,2.0474012084305286,0.01294224988669157
194,2,0,0,0,7,7,0,7,7,0,4,4,0,1,1,0,3,3,0,0,0,0,0,0,0,1.4878025827929378,1.45860187523067,-0.02920070756226778
195,3,0,0,0,5,5,0,10,10,0,4,4,0,0,0,0,3,3,0,0,0,0,0,0,0,1.7015799172222614,1.6909687081351876,-0.010611209087073803
196,0,0,0,0,6,6,0,7,7,0,5,5,0,0,0,0,3,3,0,0,0,0,0,0,0,0.9602103745564818,0.9253731667995453,-0.03483720775693655
197,1,0,1,1,7,10,3,7,9,2,3,2,-1,2,4,2,4,4,0,0,0,0,0,0,0,2.556540540419519,3.2477904176339507,0.6912498772144318
198,2,0,0,0,7,7,0,14,14,0,5,5,0,0,0,0,2,2,0,1,1,0,0,0,0,2.224330833181739,2.2481268756091595,0.023796042427420616
199,3,1,0,-1,10,7,-3,9,8,-1,4,5,1,2,0,-2,7,7,0,0,0,0,0,0,0,2.6710322508588433,2.729961708188057,0.05892945732921362
200,0,0,0,0,8,8,0,11,11,0,3,3,0,2,2,0,3,3,0,0,0,0,0,0,0,2.6315184999257326,2.6500294161960483,0.018510916270315647
201,1,1,1,0,10,10,0,6,6,0,1,1,0,4,4,0,4,4,0,0,0,0,0,0,0,1.499677374958992,1.4799902494996786,-0.019687125459313393
202,2,1,1,0,10,10,0,12,12,0,4,4,0,2,2,0,5,5,0,1,1,0,0,0,0,2.874769083224237,2.909782374277711,0.03501329105347395
203,3,1,1,0,10,10,0,13,13,0,3,3,0,3,3,0,3,3,0,0,0,0,0,0,0,2.485460000112653,2.4996152501553297,0.014155250042676926
204,0,1,1,0,10,10,0,12,12,0,5,5,0,1,1,0,4,4,0,1,1,0,0,0,0,1.2737913327291608,1.2736632078886032,-0.00012812484055757523
205,1,1,1,0,10,10,0,10,10,0,5,5,0,1,1,0,1,1,0,1,1,0,0,0,0,1.5251122498884797,1.5550551246851683,0.029942874796688557
206,2,1,1,0,10,10,0,14,14,0,1,1,0,3,3,0,3,3,0,1,1,0,0,0,0,2.398920292034745,2.4049592493101954,0.00603895727545023
207,3,0,0,0,8,8,0,9,9,0,5,5,0,1,1,0,8,8,0,0,0,0,0,0,0,2.6423205826431513,2.6730800000950694,0.030759417451918125
208,0,0,0,0,7,7,0,11,11,0,3,3,0,2,2,0,2,2,0,0,0,0,0,0,0,1.9586033336818218,1.97372345905751,0.015120125375688076
209,1,0,0,0,7,7,0,9,9,0,1,1,0,2,2,0,3,3,0,0,0,0,0,0,0,2.3630490424111485,2.378558208234608,0.015509165823459625
210,2,0,0,0,9,9,0,7,7,0,2,2,0,3,3,0,1,1,0,0,0,0,0,0,0,1.9330317918211222,1.9261457091197371,-0.006886082701385021
211,3,0,0,0,5,5,0,3,3,0,3,3,0,0,0,0,8,8,0,0,0,0,0,0,0,1.9932645000517368,1.8983682915568352,-0.09489620849490166
212,0,0,0,0,5,5,0,4,4,0,3,3,0,1,1,0,5,5,0,0,0,0,0,0,0,1.049034459516406,1.0441333334892988,-0.004901126027107239
213,1,0,0,0,8,8,0,10,10,0,4,4,0,1,1,0,5,5,0,0,0,0,0,0,0,2.1741288332268596,2.215455417521298,0.04132658429443836
214,2,0,0,0,7,7,0,8,8,0,5,5,0,1,1,0,2,2,0,0,0,0,0,0,0,1.5809398330748081,1.5784914577379823,-0.0024483753368258476
215,3,0,0,0,5,5,0,7,7,0,5,5,0,0,0,0,3,3,0,0,0,0,0,0,0,1.2968364590778947,1.3014037497341633,0.004567290656268597
216,0,0,0,0,8,8,0,11,11,0,5,5,0,1,1,0,5,5,0,0,0,0,0,0,0,1.6538490848615766,1.6638428326696157,0.009993747808039188
217,1,0,0,0,6,6,0,7,7,0,4,4,0,1,1,0,2,2,0,0,0,0,0,0,0,1.6011344585567713,1.6049860417842865,0.0038515832275152206
218,2,1,1,0,10,10,0,6,6,0,1,1,0,4,4,0,7,7,0,0,0,0,0,0,0,1.9326248746365309,1.9674650831148028,0.03484020847827196
219,3,1,1,0,10,10,0,7,7,0,1,1,0,4,4,0,5,5,0,0,0,0,0,0,0,1.7270030826330185,1.7191084157675505,-0.007894666865468025
220,0,0,0,0,9,9,0,8,8,0,4,4,0,2,2,0,5,5,0,0,0,0,0,0,0,2.5230667907744646,2.509980625472963,-0.013086165301501751
221,1,0,0,0,8,8,0,10,10,0,4,4,0,2,2,0,0,0,0,0,0,0,0,0,0,1.4871145421639085,1.4996784161776304,0.012563874013721943
222,2,1,1,0,10,10,0,7,7,0,1,1,0,3,3,0,6,6,0,0,0,0,0,0,0,1.794486458413303,1.787722417153418,-0.006764041259884834
223,3,0,0,0,7,7,0,13,13,0,5,5,0,0,0,0,2,2,0,1,1,0,0,0,0,2.0407692501321435,1.9689681250602007,-0.0718011250719428
224,0,1,1,0,11,11,0,15,15,0,3,3,0,3,3,0,3,3,0,1,1,0,0,0,0,2.3808109164237976,2.398299291729927,0.017488375306129456
225,1,1,1,0,10,10,0,8,8,0,3,3,0,2,2,0,6,6,0,0,0,0,0,0,0,1.368184084072709,1.3719925004988909,0.003808416426181793
226,2,1,1,0,10,10,0,8,8,0,3,3,0,2,2,0,5,5,0,0,0,0,0,0,0,1.4942662501707673,1.4873660830780864,-0.006900167092680931
227,3,0,0,0,6,6,0,3,3,0,3,3,0,0,0,0,7,7,0,0,0,0,0,0,0,1.6791064999997616,1.6634015003219247,-0.015704999677836895
228,0,1,1,0,10,10,0,12,12,0,5,5,0,1,1,0,6,6,0,1,1,0,0,0,0,2.79418508335948,2.7691940423101187,-0.02499104104936123
229,1,0,0,0,9,9,0,7,7,0,3,3,0,2,2,0,6,6,0,0,0,0,0,0,0,2.184325208887458,2.1894999584183097,0.005174749530851841
230,2,0,0,0,4,4,0,6,6,0,4,4,0,0,0,0,3,3,0,0,0,0,0,0,0,1.0890770833939314,1.0823337091132998,-0.006743374280631542
231,3,1,1,0,10,10,0,10,10,0,5,5,0,2,2,0,2,2,0,0,0,0,0,0,0,2.546307667158544,2.5424887919798493,-0.003818875178694725
232,0,1,1,0,10,10,0,9,9,0,3,4,1,3,2,-1,3,3,0,0,0,0,0,0,0,2.2268113745376468,2.600589707493782,0.3737783329561353
233,1,1,1,0,10,10,0,7,7,0,1,1,0,4,4,0,3,3,0,0,0,0,0,0,0,1.6762222917750478,1.7025092914700508,0.026286999695003033
234,2,1,1,0,11,11,0,10,10,0,3,3,0,3,3,0,0,0,0,1,1,0,0,0,0,1.7892341250553727,1.7825552085414529,-0.00667891651391983
235,3,0,0,0,7,7,0,7,7,0,5,5,0,0,0,0,5,5,0,0,0,0,0,0,0,2.175929500721395,2.200647125020623,0.02471762429922819
236,0,0,0,0,8,8,0,6,6,0,3,3,0,2,2,0,5,5,0,0,0,0,0,0,0,1.5464045833796263,1.6641572080552578,0.11775262467563152
237,1,0,0,0,8,8,0,10,10,0,4,4,0,1,1,0,4,4,0,0,0,0,0,0,0,2.8993399161845446,3.1257135840132833,0.2263736678287387
238,2,1,1,0,10,10,0,10,10,0,4,4,0,1,1,0,6,6,0,1,1,0,0,0,0,1.9463135423138738,1.9279993744567037,-0.018314167857170105
239,3,1,1,0,10,10,0,9,9,0,4,4,0,2,2,0,8,8,0,0,0,0,0,0,0,1.8125605834648013,3.0788104170933366,1.2662498336285353
240,0,1,1,0,10,10,0,8,8,0,3,3,0,2,2,0,7,7,0,0,0,0,0,0,0,1.8264409992843866,1.8544580833986402,0.02801708411425352
241,1,0,0,0,6,6,0,10,10,0,5,5,0,0,0,0,5,5,0,0,0,0,0,0,0,2.4348145006224513,2.4221641663461924,-0.012650334276258945
242,2,1,1,0,10,10,0,11,11,0,5,4,-1,2,3,1,5,3,-2,0,0,0,0,0,0,2.438857709057629,1.9701903322711587,-0.4686673767864704
243,3,1,1,0,10,10,0,8,8,0,2,2,0,3,3,0,4,4,0,0,0,0,0,0,0,2.0543507505208254,2.127898333594203,0.07354758307337761
244,0,0,0,0,9,9,0,4,4,0,0,0,0,4,4,0,3,3,0,0,0,0,0,0,0,1.4612850826233625,1.5565063757821918,0.09522129315882921
245,1,1,1,0,10,10,0,11,11,0,5,5,0,2,2,0,3,3,0,0,0,0,0,0,0,2.364052416756749,2.4198236661031842,0.05577124934643507
246,2,1,1,0,10,10,0,11,11,0,5,5,0,2,2,0,4,4,0,0,0,0,0,0,0,3.0500886663794518,3.0950570832937956,0.044968416914343834
247,3,0,0,0,9,9,0,13,13,0,5,5,0,2,2,0,1,1,0,0,0,0,0,0,0,2.9866225412115455,2.882595207542181,-0.10402733366936445
248,0,1,1,0,10,10,0,9,9,0,2,2,0,3,3,0,0,0,0,1,1,0,0,0,0,1.2370235845446587,1.2587354583665729,0.021711873821914196
249,1,0,0,0,5,6,1,4,11,7,3,4,1,1,1,0,7,5,-2,0,0,0,0,0,0,2.1137270824983716,6.220434375107288,4.106707292608917
250,2,0,0,0,9,9,0,8,8,0,2,2,0,3,3,0,3,3,0,0,0,0,0,0,0,2.4064261252060533,2.25976675003767,-0.14665937516838312
251,3,0,0,0,8,8,0,9,9,0,4,4,0,1,1,0,7,7,0,0,0,0,0,0,0,3.2543747080489993,3.156285791657865,-0.09808891639113426
252,0,0,0,0,7,7,0,3,3,0,1,1,0,2,2,0,7,7,0,0,0,0,0,0,0,1.8509139586240053,1.8812642078846693,0.030350249260663986
253,1,0,0,0,3,3,0,9,9,0,1,1,0,1,1,0,4,4,0,0,0,0,0,0,0,1.4356055418029428,1.4137695413082838,-0.021836000494658947
254,2,0,0,0,8,8,0,8,8,0,2,2,0,3,3,0,1,1,0,0,0,0,0,0,0,2.490554084070027,2.5293457908555865,0.038791706785559654
255,3,0,0,0,9,9,0,8,8,0,4,4,0,2,2,0,5,5,0,0,0,0,0,0,0,2.1464879997074604,2.1692358339205384,0.022747834213078022
256,0,1,1,0,10,10,0,14,14,0,5,5,0,1,1,0,4,4,0,1,1,0,0,0,0,2.034321124665439,2.780288750305772,0.7459676256403327
257,1,1,1,0,10,10,0,7,7,0,2,2,0,4,4,0,2,2,0,0,0,0,0,0,0,1.2140558753162622,1.2292621675878763,0.015206292271614075
258,2,1,1,0,10,10,0,10,10,0,3,3,0,3,3,0,4,4,0,0,0,0,0,0,0,2.4802827909588814,2.6196634583175182,0.13938066735863686
259,3,1,1,0,10,10,0,8,8,0,3,3,0,3,3,0,2,2,0,0,0,0,0,0,0,2.1771620828658342,2.1707071252167225,-0.006454957649111748
260,0,0,0,0,6,6,0,8,8,0,4,4,0,1,1,0,3,3,0,0,0,0,0,0,0,1.8598365001380444,1.862195291556418,0.0023587914183735847
261,1,0,0,0,4,4,0,8,8,0,4,4,0,0,0,0,0,0,0,0,0,0,0,0,0,0.8846549168229103,0.8738308753818274,-0.010824041441082954
262,2,0,0,0,7,7,0,4,4,0,1,1,0,3,3,0,3,3,0,0,0,0,0,0,0,2.1470762910321355,2.1704839998856187,0.0234077088534832
263,3,0,0,0,5,5,0,4,4,0,2,2,0,1,1,0,4,4,0,0,0,0,0,0,0,1.3461226662620902,1.3442299170419574,-0.0018927492201328278
264,0,0,0,0,6,6,0,11,11,0,5,5,0,0,0,0,6,6,0,0,0,0,0,0,0,2.7928763329982758,2.789997332729399,-0.0028790002688765526
265,1,0,0,0,9,9,0,14,14,0,5,5,0,1,1,0,2,2,0,1,1,0,0,0,0,2.0978885842487216,2.0001868745312095,-0.09770170971751213
266,2,0,0,0,9,9,0,13,13,0,4,4,0,2,2,0,4,4,0,0,0,0,0,0,0,2.75944562535733,2.8306300844997168,0.07118445914238691
267,3,1,1,0,10,10,0,8,8,0,4,4,0,1,1,0,2,2,0,1,1,0,0,0,0,1.1144288331270218,1.107482916675508,-0.006945916451513767
268,0,0,0,0,8,8,0,9,9,0,3,3,0,2,2,0,4,4,0,0,0,0,0,0,0,2.3305146666243672,2.327540415339172,-0.0029742512851953506
269,1,0,0,0,7,7,0,7,7,0,3,3,0,1,1,0,5,5,0,0,0,0,0,0,0,2.1201337091624737,2.162344832904637,0.04221112374216318
270,2,1,1,0,10,10,0,15,15,0,4,4,0,2,2,0,3,3,0,1,1,0,0,0,0,2.647570166736841,4.049568500369787,1.401998333632946
271,3,1,1,0,10,10,0,12,12,0,5,5,0,1,1,0,3,3,0,1,1,0,0,0,0,2.8218402918428183,3.0140053322538733,0.1921650404110551
272,0,0,0,0,9,9,0,8,8,0,2,2,0,3,3,0,4,4,0,0,0,0,0,0,0,2.2717930832877755,2.385185250081122,0.1133921667933464
273,1,0,0,0,9,9,0,15,15,0,5,5,0,1,1,0,2,2,0,1,1,0,0,0,0,2.505358333699405,2.527166415937245,0.0218080822378397
274,2,0,0,0,9,9,0,9,9,0,5,5,0,2,2,0,1,1,0,0,0,0,0,0,0,2.135605833493173,2.0301761673763394,-0.10542966611683369
275,3,0,0,0,9,9,0,8,8,0,3,3,0,2,2,0,3,3,0,0,0,0,0,0,0,1.6617082906886935,1.703565833158791,0.04185754247009754
276,0,1,1,0,10,10,0,9,9,0,5,5,0,1,1,0,5,5,0,0,0,0,0,0,0,1.6356730004772544,1.4754173746332526,-0.16025562584400177
277,1,0,0,0,8,8,0,13,13,0,5,5,0,0,0,0,3,3,0,1,1,0,0,0,0,2.412085915915668,2.426413541659713,0.01432762574404478
278,2,0,0,0,9,9,0,4,4,0,0,0,0,4,4,0,6,6,0,0,0,0,0,0,0,2.15811949968338,2.3297782074660063,0.17165870778262615
279,3,0,0,0,8,8,0,10,10,0,5,5,0,1,1,0,6,6,0,0,0,0,0,0,0,2.7315688328817487,2.7235156251117587,-0.008053207769989967
280,0,0,0,0,6,6,0,6,6,0,3,3,0,1,1,0,3,3,0,0,0,0,0,0,0,1.1034430004656315,1.1131701674312353,0.009727166965603828
281,1,1,1,0,10,10,0,8,8,0,2,2,0,3,3,0,6,6,0,0,0,0,0,0,0,2.5214830841869116,2.5058041671290994,-0.015678917057812214
282,2,1,1,0,10,10,0,7,7,0,1,1,0,4,4,0,3,3,0,0,0,0,0,0,0,1.8779336670413613,1.9104344164952636,0.032500749453902245
283,3,0,0,0,7,7,0,7,7,0,2,2,0,2,2,0,3,3,0,0,0,0,0,0,0,1.4493225831538439,1.442373750731349,-0.006948832422494888
284,0,0,0,0,6,6,0,6,6,0,2,2,0,2,2,0,1,1,0,0,0,0,0,0,0,1.3571799583733082,1.3559088334441185,-0.001271124929189682
285,1,0,0,0,4,4,0,3,3,0,2,2,0,1,1,0,2,2,0,0,0,0,0,0,0,1.2988301245495677,1.2708849590271711,-0.027945165522396564
286,2,1,1,0,10,10,0,14,14,0,4,4,0,2,2,0,3,3,0,1,1,0,0,0,0,3.162821709178388,3.149580958299339,-0.013240750879049301
287,3,1,1,0,10,10,0,9,9,0,2,2,0,3,3,0,3,3,0,1,1,0,0,0,0,2.3525716243311763,2.276762083172798,-0.07580954115837812
288,0,0,0,0,3,3,0,3,3,0,3,3,0,0,0,0,5,5,0,0,0,0,0,0,0,1.477853374555707,1.4729685001075268,-0.004884874448180199
289,1,1,1,0,10,10,0,13,13,0,3,3,0,3,3,0,4,4,0,0,0,0,0,0,0,3.0760415829718113,3.2292222073301673,0.153180624358356
290,2,0,0,0,7,7,0,10,10,0,3,3,0,1,1,0,5,5,0,1,1,0,0,0,0,1.672292665578425,1.6401364170014858,-0.032156248576939106
291,3,0,0,0,8,8,0,9,9,0,3,3,0,2,2,0,5,5,0,0,0,0,0,0,0,2.7465073745697737,2.8171875830739737,0.07068020850419998
292,0,0,0,0,8,8,0,8,8,0,1,1,0,3,3,0,7,7,0,0,0,0,0,0,0,2.17775004170835,2.1467222925275564,-0.031027749180793762
293,1,0,0,0,9,9,0,12,12,0,5,5,0,1,1,0,0,0,0,1,1,0,0,0,0,2.0850656256079674,1.97554412484169,-0.10952150076627731
294,2,0,0,0,8,8,0,10,10,0,1,1,0,3,3,0,4,4,0,0,0,0,0,0,0,2.2200843328610063,2.172042208723724,-0.04804212413728237
295,3,0,0,0,6,6,0,9,9,0,4,4,0,1,1,0,6,6,0,0,0,0,0,0,0,2.176514000631869,2.1944351252168417,0.01792112458497286
296,0,1,1,0,10,10,0,6,6,0,2,2,0,3,3,0,4,4,0,0,0,0,0,0,0,1.1922522503882647,1.2220616666600108,0.02980941627174616
297,1,1,1,0,10,10,0,12,12,0,4,4,0,2,2,0,9,9,0,0,0,0,0,0,0,3.8261765418574214,3.8561195842921734,0.029943042434751987
298,2,0,0,0,9,9,0,9,9,0,1,1,0,4,4,0,6,6,0,0,0,0,0,0,0,1.6635391246527433,1.6780949588865042,0.014555834233760834
299,3,0,0,0,8,8,0,12,12,0,5,5,0,1,1,0,2,2,0,0,0,0,0,0,0,2.037571333348751,2.037959875538945,0.00038854219019412994
300,0,0,0,0,9,9,0,5,5,0,1,1,0,3,3,0,5,5,0,0,0,0,0,0,0,1.6504040006548166,1.6307459995150566,-0.019658001139760017
301,1,0,0,0,5,5,0,12,12,0,5,5,0,0,0,0,0,0,0,0,0,0,0,0,0,2.2036972902715206,2.198369291611016,-0.005327998660504818
302,2,0,0,0,5,5,0,4,4,0,4,4,0,0,0,0,4,4,0,0,0,0,0,0,0,1.5624027093872428,1.6064329165965319,0.044030207209289074
303,3,1,1,0,10,10,0,9,9,0,2,2,0,3,3,0,2,2,0,1,1,0,0,0,0,1.5412271246314049,1.5101312920451164,-0.031095832586288452
304,0,1,1,0,11,11,0,12,12,0,5,5,0,0,0,0,7,7,0,1,1,0,0,0,0,1.857013750821352,1.838464790955186,-0.018548959866166115
305,1,1,1,0,10,10,0,9,9,0,2,2,0,3,3,0,5,5,0,0,0,0,0,0,0,1.7313532074913383,1.7240733336657286,-0.007279873825609684
306,2,0,0,0,7,7,0,7,7,0,5,5,0,0,0,0,7,7,0,0,0,0,0,0,0,1.6895011654123664,1.7066640416160226,0.017162876203656197
307,3,1,1,0,10,10,0,10,10,0,4,4,0,1,1,0,5,5,0,1,1,0,0,0,0,2.351055333390832,2.318271500058472,-0.03278383333235979
308,0,1,1,0,10,10,0,14,14,0,1,1,0,3,3,0,2,2,0,1,1,0,0,0,0,2.9111241241917014,2.840489000082016,-0.07063512410968542
309,1,1,1,0,10,10,0,13,13,0,3,3,0,2,2,0,5,5,0,1,1,0,0,0,0,2.2732258327305317,2.822698250412941,0.5494724176824093
310,2,0,0,0,9,9,0,7,7,0,0,0,0,4,4,0,7,7,0,0,0,0,0,0,0,2.3930956246331334,2.3954227501526475,0.002327125519514084
311,3,0,0,0,7,7,0,6,6,0,0,0,0,3,3,0,3,3,0,0,0,0,0,0,0,2.4383199578151107,2.44352316763252,0.005203209817409515
312,0,0,0,0,5,5,0,7,7,0,4,4,0,0,0,0,2,2,0,0,0,0,0,0,0,0.8421930000185966,0.8286645002663136,-0.013528499752283096
313,1,0,0,0,6,6,0,2,2,0,0,0,0,2,2,0,8,8,0,0,0,0,0,0,0,1.3518026666715741,1.3108346248045564,-0.040968041867017746
314,2,0,0,0,7,7,0,11,11,0,5,5,0,0,0,0,7,7,0,1,1,0,0,0,0,1.909423042088747,1.8908179998397827,-0.01860504224896431
315,3,1,1,0,10,10,0,13,13,0,4,4,0,2,2,0,2,2,0,1,1,0,0,0,0,2.314091542735696,2.29832445923239,-0.015767083503305912
316,0,1,1,0,10,10,0,10,10,0,2,2,0,3,3,0,3,3,0,1,1,0,0,0,0,1.4118927074596286,1.4097092915326357,-0.0021834159269928932
317,1,0,0,0,8,8,0,6,6,0,2,2,0,3,3,0,5,5,0,0,0,0,0,0,0,1.6094412915408611,1.6198886660858989,0.010447374545037746
318,2,0,0,0,3,3,0,4,4,0,2,2,0,0,0,0,4,4,0,0,0,0,0,0,0,1.292365875095129,1.2804455421864986,-0.011920332908630371
319,3,0,0,0,6,6,0,15,15,0,5,5,0,0,0,0,4,4,0,0,0,0,0,0,0,2.12138216663152,2.1497502494603395,0.028368082828819752
320,0,1,1,0,10,10,0,9,9,0,4,4,0,1,1,0,7,7,0,1,1,0,0,0,0,1.7291160421445966,1.7232489166781306,-0.00586712546646595
321,1,0,0,0,9,9,0,9,9,0,5,5,0,1,1,0,4,4,0,0,0,0,0,0,0,1.6006866674870253,1.5608990415930748,-0.03978762589395046
322,2,1,1,0,10,10,0,15,15,0,5,5,0,1,1,0,6,6,0,0,0,0,0,0,0,3.06490633264184,5.0627462500706315,1.9978399174287915
323,3,1,1,0,10,10,0,9,9,0,4,4,0,1,1,0,4,4,0,1,1,0,0,0,0,1.565608374774456,1.5268408749252558,-0.03876749984920025
324,0,1,1,0,10,10,0,10,10,0,3,3,0,2,2,0,4,4,0,1,1,0,0,0,0,1.6835115840658545,1.6905594170093536,0.007047832943499088
325,1,1,1,0,10,10,0,12,12,0,4,4,0,2,2,0,2,2,0,1,1,0,0,0,0,2.3507722914218903,2.3258479591459036,-0.02492433227598667
326,2,1,1,0,10,10,0,9,9,0,5,5,0,1,1,0,2,2,0,1,1,0,0,0,0,1.5178061248734593,1.5298632504418492,0.012057125568389893
327,3,0,0,0,6,6,0,8,8,0,0,0,0,3,3,0,4,4,0,0,0,0,0,0,0,1.7789205834269524,1.7684247083961964,-0.010495875030755997
328,0,0,0,0,3,3,0,7,7,0,3,3,0,0,0,0,4,4,0,0,0,0,0,0,0,1.3332841666415334,1.3403306668624282,0.0070465002208948135
329,1,0,0,0,3,3,0,4,4,0,3,3,0,0,0,0,6,6,0,0,0,0,0,0,0,2.5300126243382692,2.5460447501391172,0.016032125800848007
330,2,0,0,0,4,4,0,2,2,0,2,2,0,0,0,0,6,6,0,0,0,0,0,0,0,1.662401333451271,1.6107773752883077,-0.05162395816296339
331,3,1,1,0,10,10,0,10,10,0,3,3,0,3,3,0,2,2,0,0,0,0,0,0,0,2.130525540560484,2.2497935416176915,0.11926800105720758
332,0,1,1,0,10,10,0,10,10,0,4,4,0,2,2,0,10,10,0,0,0,0,0,0,0,2.1039026668295264,2.135930917225778,0.03202825039625168
333,1,1,1,0,10,10,0,14,14,0,1,1,0,3,3,0,1,1,0,1,1,0,0,0,0,2.1805669171735644,2.169194584712386,-0.011372332461178303
334,2,0,0,0,8,8,0,8,8,0,3,3,0,2,2,0,4,4,0,0,0,0,0,0,0,2.190249833278358,2.1648100409656763,-0.025439792312681675
335,3,1,1,0,10,10,0,7,7,0,4,4,0,1,1,0,5,5,0,1,1,0,0,0,0,1.2380410004407167,1.2560767494142056,0.018035748973488808
336,0,1,1,0,10,10,0,12,12,0,5,5,0,1,1,0,3,3,0,1,1,0,0,0,0,1.9241869589313865,1.9092766670510173,-0.014910291880369186
337,1,1,1,0,10,10,0,9,9,0,2,2,0,4,4,0,5,5,0,0,0,0,0,0,0,1.6357130836695433,1.63744099996984,0.0017279163002967834
338,2,1,1,0,11,11,0,14,14,0,2,2,0,3,3,0,3,3,0,1,1,0,0,0,0,2.741484707221389,3.162018750794232,0.4205340435728431
339,3,0,0,0,9,9,0,8,8,0,1,1,0,4,4,0,3,3,0,0,0,0,0,0,0,2.614306249655783,2.6659544995054603,0.051648249849677086
340,0,1,1,0,10,10,0,6,6,0,0,0,0,4,4,0,2,2,0,0,0,0,0,0,0,1.335756290704012,1.34659487567842,0.01083858497440815
341,1,1,1,0,10,10,0,7,7,0,3,3,0,1,1,0,4,4,0,1,1,0,0,0,0,0.7934106243774295,0.7943989997729659,0.0009883753955364227
342,2,1,1,0,10,10,0,9,9,0,2,2,0,3,3,0,3,3,0,1,1,0,0,0,0,1.6962852077558637,2.4088182505220175,0.7125330427661538
343,3,1,1,0,10,10,0,11,11,0,4,4,0,2,2,0,3,3,0,1,1,0,0,0,0,1.3790639583021402,1.372971541248262,-0.006092417053878307
344,0,1,1,0,10,10,0,5,5,0,1,1,0,3,3,0,5,5,0,0,0,0,0,0,0,1.40869150031358,1.3918320834636688,-0.016859416849911213
345,1,0,0,0,5,5,0,3,3,0,0,0,0,2,2,0,5,5,0,0,0,0,0,0,0,1.1755062080919743,1.1710684588178992,-0.004437749274075031
346,2,1,1,0,10,10,0,8,8,0,4,4,0,3,3,0,0,0,0,0,0,0,0,0,0,1.8229832090437412,1.80730608291924,-0.01567712612450123
347,3,0,0,0,8,8,0,13,13,0,4,4,0,1,1,0,2,2,0,1,1,0,0,0,0,2.7629075422883034,2.7707703337073326,0.007862791419029236
348,0,0,0,0,6,6,0,7,7,0,4,4,0,1,1,0,3,3,0,0,0,0,0,0,0,2.0262848744168878,2.0021385829895735,-0.02414629142731428
349,1,0,0,0,6,6,0,12,12,0,3,3,0,1,1,0,5,5,0,0,0,0,0,0,0,2.396883999928832,2.3984634578227997,0.0015794578939676285
350,2,0,0,0,7,7,0,11,11,0,5,5,0,0,0,0,5,5,0,0,0,0,0,0,0,2.056642415933311,2.2469892920926213,0.19034687615931034
351,3,0,0,0,8,8,0,7,7,0,3,3,0,2,2,0,5,5,0,0,0,0,0,0,0,2.2830559173598886,2.2919907923787832,0.008934875018894672
352,0,0,0,0,5,5,0,5,5,0,2,2,0,1,1,0,5,5,0,0,0,0,0,0,0,1.1630868325009942,1.1640829583629966,0.0009961258620023727
353,1,0,0,0,5,5,0,8,8,0,4,4,0,0,0,0,4,4,0,0,0,0,0,0,0,1.2138285003602505,1.1784489583224058,-0.03537954203784466
354,2,0,0,0,4,4,0,5,5,0,4,4,0,0,0,0,0,0,0,0,0,0,0,0,0,1.2191692497581244,1.1767473751679063,-0.04242187459021807
355,3,0,0,0,6,6,0,9,9,0,5,5,0,0,0,0,3,3,0,0,0,0,0,0,0,1.8694954169914126,1.9150650827214122,0.04556966572999954
356,0,1,1,0,10,10,0,8,8,0,1,1,0,3,3,0,3,3,0,1,1,0,0,0,0,1.178941291756928,1.0346777914091945,-0.1442635003477335
357,1,1,1,0,10,10,0,9,9,0,3,3,0,2,2,0,4,4,0,1,1,0,0,0,0,1.5707005001604557,1.573134083300829,0.00243358314037323
358,2,1,1,0,10,10,0,14,13,-1,5,5,0,1,1,0,4,3,-1,1,1,0,0,0,0,2.537950875237584,3.61460370849818,1.0766528332605958
359,3,1,1,0,10,10,0,8,8,0,4,4,0,1,1,0,7,7,0,0,0,0,0,0,0,1.8545017503201962,2.4351133331656456,0.5806115828454494
360,0,1,1,0,10,10,0,8,8,0,1,1,0,4,4,0,4,4,0,0,0,0,0,0,0,2.3311792919412255,2.393634542822838,0.0624552508816123
361,1,0,0,0,10,10,0,11,11,0,5,5,0,1,1,0,2,2,0,1,1,0,0,0,0,2.039138582535088,2.0002128751948476,-0.03892570734024048
362,2,1,1,0,10,10,0,7,7,0,5,5,0,1,1,0,8,8,0,0,0,0,0,0,0,1.9702816661447287,2.033625042065978,0.06334337592124939
363,3,0,0,0,5,5,0,3,3,0,2,2,0,1,1,0,4,4,0,0,0,0,0,0,0,1.1448937924578786,1.1147892493754625,-0.030104543082416058
364,0,1,1,0,10,10,0,11,11,0,4,4,0,1,1,0,3,3,0,1,1,0,0,0,0,2.4809287087991834,2.4741602912545204,-0.006768417544662952
365,1,1,1,0,10,10,0,11,11,0,5,5,0,1,1,0,4,4,0,1,1,0,0,0,0,2.459722375497222,2.438001874834299,-0.02172050066292286
366,2,0,0,0,7,7,0,5,5,0,0,0,0,3,3,0,1,1,0,0,0,0,0,0,0,0.9012837922200561,0.921059874817729,0.01977608259767294
367,3,1,1,0,10,10,0,13,13,0,5,5,0,1,1,0,3,3,0,1,1,0,0,0,0,2.171753792092204,2.169150833040476,-0.0026029590517282486
368,0,1,1,0,10,10,0,9,9,0,3,3,0,2,2,0,1,1,0,1,1,0,0,0,0,0.748303041793406,0.7107654996216297,-0.037537542171776295
369,1,0,0,0,7,7,0,15,15,0,5,5,0,0,0,0,2,2,0,1,1,0,0,0,0,2.6870315838605165,2.736763708293438,0.04973212443292141
370,2,1,1,0,10,10,0,8,7,-1,1,1,0,4,3,-1,5,6,1,0,0,0,0,0,0,2.444157499819994,2.16734108235687,-0.2768164174631238
371,3,0,0,0,8,8,0,6,6,0,1,1,0,3,3,0,4,4,0,0,0,0,0,0,0,1.4815838327631354,1.7040075408294797,0.22242370806634426
372,0,0,0,0,9,9,0,6,6,0,1,1,0,4,4,0,1,1,0,0,0,0,0,0,0,1.9229202503338456,1.9046018328517675,-0.018318417482078075
373,1,0,0,0,8,8,0,15,15,0,5,5,0,0,0,0,4,4,0,1,1,0,0,0,0,2.5600295830518007,3.0459349174052477,0.48590533435344696
374,2,0,0,0,5,5,0,14,14,0,3,3,0,0,0,0,3,3,0,1,1,0,0,0,0,1.772336333990097,1.657955083064735,-0.11438125092536211
375,3,1,1,0,10,10,0,7,7,0,3,3,0,2,2,0,7,7,0,0,0,0,0,0,0,2.0885612918064,2.1511214999482036,0.06256020814180374
376,0,1,1,0,10,10,0,9,9,0,4,4,0,2,2,0,5,5,0,0,0,0,0,0,0,2.539588083513081,2.5462795412167907,0.006691457703709602
377,1,0,0,0,5,6,1,3,7,4,1,2,1,2,2,0,2,2,0,0,0,0,0,0,0,1.9774468326941133,1.9809183329343796,0.003471500240266323
378,2,0,0,0,8,8,0,6,6,0,2,2,0,2,2,0,2,2,0,0,0,0,0,0,0,1.336973249912262,1.3605299592018127,0.02355670928955078
379,3,0,0,0,9,9,0,11,11,0,4,4,0,2,2,0,3,3,0,0,0,0,0,0,0,2.2825896246358752,2.2601037910208106,-0.02248583361506462
380,0,1,1,0,10,10,0,12,12,0,3,3,0,3,3,0,6,6,0,0,0,0,0,0,0,2.5557863330468535,2.535885125398636,-0.019901207648217678
381,1,0,0,0,6,6,0,4,4,0,2,2,0,2,2,0,2,2,0,0,0,0,0,0,0,1.4887488754466176,1.458421084098518,-0.03032779134809971
382,2,0,0,0,8,8,0,8,8,0,2,2,0,3,3,0,1,1,0,0,0,0,0,0,0,1.1474712081253529,1.1532384175807238,0.005767209455370903
383,3,1,1,0,10,10,0,12,12,0,4,4,0,3,3,0,4,4,0,0,0,0,0,0,0,2.7577655827626586,2.7079418329522014,-0.04982374981045723
384,0,1,1,0,10,10,0,12,12,0,2,2,0,4,4,0,2,2,0,0,0,0,0,0,0,2.4565979158505797,2.904846042394638,0.4482481265440583
385,1,1,1,0,10,10,0,11,11,0,4,4,0,1,1,0,4,4,0,1,1,0,0,0,0,1.4365131668746471,1.4523927085101604,0.015879541635513306
386,2,1,1,0,10,10,0,15,15,0,4,4,0,2,2,0,2,2,0,1,1,0,0,0,0,2.763599917292595,2.6390137914568186,-0.12458612583577633
387,3,0,0,0,9,9,0,7,7,0,1,1,0,4,4,0,3,3,0,0,0,0,0,0,0,2.7523346664384007,2.745329041965306,-0.00700562447309494
388,0,0,0,0,5,6,1,9,9,0,3,5,2,1,0,-1,3,3,0,0,0,0,0,0,0,1.5581908347085118,1.443899791687727,-0.11429104302078485
389,1,1,1,0,10,10,0,10,10,0,4,4,0,1,1,0,6,6,0,1,1,0,0,0,0,1.9923848323523998,1.9932054998353124,0.0008206674829125404
390,2,0,0,0,6,6,0,10,10,0,4,4,0,1,1,0,3,3,0,0,0,0,0,0,0,2.176844292320311,2.1458359584212303,-0.031008333899080753
391,3,0,0,0,5,5,0,10,10,0,5,5,0,0,0,0,3,3,0,0,0,0,0,0,0,1.6847465839236975,1.7020754162222147,0.017328832298517227
392,0,1,1,0,10,10,0,10,10,0,2,2,0,4,4,0,4,4,0,0,0,0,0,0,0,3.174621917307377,3.2353411661460996,0.060719248838722706
393,1,1,1,0,10,10,0,14,14,0,4,4,0,1,1,0,7,7,0,1,1,0,0,0,0,3.3468200424686074,3.357410999946296,0.01059095747768879
394,2,1,1,0,10,10,0,10,10,0,4,4,0,2,2,0,1,1,0,1,1,0,0,0,0,1.8174939174205065,1.9639946250244975,0.14650070760399103
395,3,1,1,0,10,10,0,12,12,0,4,4,0,1,1,0,3,3,0,1,1,0,0,0,0,2.620512125082314,2.5602084575220942,-0.060303667560219765
396,0,1,1,0,10,10,0,8,8,0,2,2,0,3,3,0,7,7,0,0,0,0,0,0,0,2.553367041051388,3.5512053752318025,0.9978383341804147
397,1,0,0,0,7,7,0,7,7,0,4,4,0,1,1,0,3,3,0,0,0,0,0,0,0,1.6682341257110238,1.6275665005668998,-0.04066762514412403
398,2,0,0,0,8,8,0,7,7,0,2,2,0,3,3,0,5,5,0,0,0,0,0,0,0,2.2957945000380278,2.441803834401071,0.1460093343630433
399,3,0,0,0,6,6,0,10,10,0,5,5,0,0,0,0,4,4,0,0,0,0,0,0,0,2.0742092905566096,2.026350541971624,-0.04785874858498573
