variant,seed,seat,won,final_vp,roads,settlements,cities,dev_cards,has_longest_road,has_largest_army,runtime_seconds,won_off,won_on,won_delta,final_vp_off,final_vp_on,final_vp_delta,roads_off,roads_on,roads_delta,settlements_off,settlements_on,settlements_delta,cities_off,cities_on,cities_delta,dev_cards_off,dev_cards_on,dev_cards_delta,has_longest_road_off,has_longest_road_on,has_longest_road_delta,has_largest_army_off,has_largest_army_on,has_largest_army_delta,runtime_seconds_off,runtime_seconds_on,runtime_seconds_delta
maritime_off,0,0,0,5,8,5,0,4,0,0,1.8623470421880484,0,0,0,5,4,-1,8,6,-2,5,4,-1,0,0,0,4,4,0,0,0,0,0,0,0,1.8623470421880484,1.5691114580258727,-0.29323558416217566
maritime_off,1,1,1,10,13,3,3,3,0,0,2.2948068752884865,1,0,-1,10,8,-2,13,6,-7,3,2,-1,3,2,-1,3,5,2,0,0,0,0,0,0,2.2948068752884865,1.617916458286345,-0.6768904170021415
maritime_off,2,2,0,7,11,5,1,2,0,0,2.07599504198879,0,1,1,7,10,3,11,8,-3,5,5,0,1,1,0,2,1,-1,0,1,1,0,0,0,2.07599504198879,1.191571875475347,-0.884423166513443
maritime_off,3,3,0,4,8,4,0,0,0,0,1.7001758329570293,0,0,0,4,9,5,8,12,4,4,5,1,0,0,0,0,3,3,0,1,1,0,0,0,1.7001758329570293,2.252857292070985,0.5526814591139555
maritime_off,4,0,0,8,15,5,0,5,1,0,2.126752666197717,0,1,1,8,10,2,15,7,-8,5,3,-2,0,3,3,5,2,-3,1,0,-1,0,0,0,2.126752666197717,1.6443467075005174,-0.4824059586971998
maritime_off,5,1,0,7,14,5,1,1,0,0,2.9291148334741592,0,0,0,7,9,2,14,13,-1,5,5,0,1,2,1,1,3,2,0,0,0,0,0,0,2.9291148334741592,3.512247584760189,0.5831327512860298
maritime_off,6,2,1,10,15,3,2,2,1,0,2.566918833181262,1,0,-1,10,8,-2,15,11,-4,3,3,0,2,2,0,2,3,1,1,0,-1,0,0,0,2.566918833181262,2.023325958289206,-0.543592874892056
maritime_off,7,3,0,4,5,4,0,2,0,0,1.346874457783997,0,0,0,4,7,3,5,9,4,4,4,0,0,1,1,2,4,2,0,0,0,0,0,0,1.346874457783997,1.870441290549934,0.5235668327659369
maritime_off,8,0,1,10,11,3,3,2,0,0,2.474325083196163,1,1,0,10,10,0,11,9,-2,3,2,-1,3,4,1,2,1,-1,0,0,0,0,0,0,2.474325083196163,1.9845737079158425,-0.48975137528032064
maritime_off,9,1,1,10,15,4,3,7,0,0,2.338303499855101,1,0,-1,10,9,-1,15,9,-6,4,3,-1,3,3,0,7,6,-1,0,0,0,0,0,0,2.338303499855101,2.590486125089228,0.25218262523412704
maritime_off,10,2,0,7,6,4,1,3,0,0,1.3651822907850146,0,1,1,7,10,3,6,9,3,4,2,-2,1,4,3,3,1,-2,0,0,0,0,0,0,1.3651822907850146,2.0332280416041613,0.6680457508191466
maritime_off,11,3,0,5,11,5,0,2,0,0,2.3484807927161455,0,1,1,5,10,5,11,14,3,5,4,-1,0,2,2,2,3,1,0,1,1,0,0,0,2.3484807927161455,3.4658321673050523,1.1173513745889068
maritime_off,12,0,1,10,8,0,4,8,0,0,1.4156662914901972,1,1,0,10,10,0,8,6,-2,0,1,1,4,4,0,8,6,-2,0,0,0,0,0,0,1.4156662914901972,2.6862589167430997,1.2705926252529025
maritime_off,13,1,1,10,13,5,1,2,1,0,1.5241044582799077,1,1,0,10,10,0,13,12,-1,5,5,0,1,1,0,2,4,2,1,1,0,0,0,0,1.5241044582799077,2.093950666487217,0.5698462082073092
maritime_off,14,2,1,10,8,4,2,4,0,0,1.5456932922825217,1,1,0,10,10,0,8,10,2,4,5,1,2,1,-1,4,7,3,0,0,0,0,0,0,1.5456932922825217,2.326865166425705,0.7811718741431832
maritime_off,15,3,0,3,8,3,0,0,0,0,2.1018919590860605,0,1,1,3,10,7,8,7,-1,3,0,-3,0,4,4,0,3,3,0,0,0,0,0,0,2.1018919590860605,1.7526137074455619,-0.34927825164049864
maritime_off,16,0,0,9,10,5,2,0,0,0,2.390296209603548,0,0,0,9,4,-5,10,4,-6,5,4,-1,2,0,-2,0,5,5,0,0,0,0,0,0,2.390296209603548,1.5285214586183429,-0.8617747509852052
maritime_off,17,1,0,6,10,4,1,0,0,0,1.748106874525547,0,1,1,6,10,4,10,13,3,4,5,1,1,1,0,0,2,2,0,1,1,0,0,0,1.748106874525547,2.753040749579668,1.004933875054121
maritime_off,18,2,0,5,10,3,1,1,0,0,2.138834999874234,0,0,0,5,4,-1,10,10,0,3,4,1,1,0,-1,1,3,2,0,0,0,0,0,0,2.138834999874234,2.001157666556537,-0.13767733331769705
maritime_off,19,3,0,8,8,5,1,6,0,0,1.8207492073997855,0,1,1,8,10,2,8,10,2,5,4,-1,1,2,1,6,7,1,0,0,0,0,0,0,1.8207492073997855,2.229938459582627,0.4091892521828413
maritime_off,20,0,0,7,4,1,3,2,0,0,1.6538137923926115,0,0,0,7,8,1,4,4,0,1,0,-1,3,4,1,2,6,4,0,0,0,0,0,0,1.6538137923926115,2.1628262074664235,0.509012415073812
maritime_off,21,1,0,7,5,0,3,3,0,0,1.8215664997696877,0,1,1,7,10,3,5,7,2,0,2,2,3,4,1,3,6,3,0,0,0,0,0,0,1.8215664997696877,2.6608509179204702,0.8392844181507826
maritime_off,22,2,0,9,15,5,0,2,1,0,3.3608390828594565,0,0,0,9,6,-3,15,8,-7,5,5,0,0,0,0,2,2,0,1,0,-1,0,0,0,3.3608390828594565,1.3961331667378545,-1.964705916121602
maritime_off,23,3,0,3,7,3,0,0,0,0,1.1347000831738114,0,0,0,3,5,2,7,3,-4,3,2,-1,0,1,1,0,3,3,0,0,0,0,0,0,1.1347000831738114,1.0613392498344183,-0.07336083333939314
maritime_off,24,0,0,9,12,4,1,3,1,0,2.0316156670451164,0,0,0,9,5,-4,12,8,-4,4,5,1,1,0,-1,3,2,-1,1,0,-1,0,0,0,2.0316156670451164,1.3399315001443028,-0.6916841669008136
maritime_off,25,1,0,7,15,5,0,1,1,0,2.709490125067532,0,0,0,7,9,2,15,15,0,5,5,0,0,1,1,1,1,0,1,1,0,0,0,0,2.709490125067532,3.4212316256016493,0.7117415005341172
maritime_off,26,2,1,10,14,3,2,3,1,0,1.628409874625504,1,0,-1,10,7,-3,14,7,-7,3,2,-1,2,2,0,3,3,0,1,0,-1,0,0,0,1.628409874625504,1.5428419997915626,-0.08556787483394146
maritime_off,27,3,1,11,11,4,2,5,1,0,1.4837619168683887,1,1,0,11,10,-1,11,11,0,4,2,-2,2,4,2,5,5,0,1,0,-1,0,0,0,1.4837619168683887,3.2227927083149552,1.7390307914465666
maritime_off,28,0,0,6,9,5,0,5,0,0,2.324145666323602,0,0,0,6,4,-2,9,5,-4,5,3,-2,0,0,0,5,6,1,0,0,0,0,0,0,2.324145666323602,1.777464084327221,-0.5466815819963813
maritime_off,29,1,1,10,12,5,1,2,1,0,2.2178504588082433,1,0,-1,10,8,-2,12,9,-3,5,4,-1,1,1,0,2,2,0,1,1,0,0,0,0,2.2178504588082433,2.27894258312881,0.061092124320566654
maritime_off,30,2,0,7,10,1,3,2,0,0,2.110486416146159,0,0,0,7,9,2,10,7,-3,1,2,1,3,3,0,2,4,2,0,0,0,0,0,0,2.110486416146159,2.2354814996942878,0.1249950835481286
maritime_off,31,3,1,10,15,4,2,8,1,0,1.871173333376646,1,0,-1,10,7,-3,15,4,-11,4,1,-3,2,3,1,8,4,-4,1,0,-1,0,0,0,1.871173333376646,1.7316947923973203,-0.13947854097932577
maritime_off,32,0,0,5,9,5,0,2,0,0,1.6543536251410842,0,0,0,5,6,1,9,6,-3,5,3,-2,0,1,1,2,5,3,0,0,0,0,0,0,1.6543536251410842,1.5114642502740026,-0.14288937486708164
maritime_off,33,1,0,9,4,0,4,2,0,0,1.8918149573728442,0,0,0,9,8,-1,4,5,1,0,1,1,4,3,-1,2,5,3,0,0,0,0,0,0,1.8918149573728442,1.5937611246481538,-0.29805383272469044
maritime_off,34,2,0,2,2,2,0,1,0,0,1.889258500188589,0,0,0,2,6,4,2,6,4,2,0,-2,0,3,3,1,1,0,0,0,0,0,0,0,1.889258500188589,1.516607583500445,-0.3726509166881442
maritime_off,35,3,1,10,12,4,2,5,1,0,2.0576877081766725,1,1,0,10,10,0,12,9,-3,4,3,-1,2,3,1,5,4,-1,1,0,-1,0,0,0,2.0576877081766725,2.637068041600287,0.5793803334236145
maritime_off,36,0,0,5,9,5,0,3,0,0,1.9911909587681293,0,1,1,5,10,5,9,10,1,5,5,0,0,1,1,3,7,4,0,0,0,0,0,0,1.9911909587681293,2.0079890405759215,0.016798081807792187
maritime_off,37,1,0,8,15,5,0,1,1,0,2.3105902494862676,0,0,0,8,8,0,15,11,-4,5,4,-1,0,2,2,1,1,0,1,0,-1,0,0,0,2.3105902494862676,2.523800582624972,0.2132103331387043
maritime_off,38,2,0,5,9,5,0,3,0,0,1.973968249745667,0,0,0,5,7,2,9,10,1,5,5,0,0,0,0,3,3,0,0,1,1,0,0,0,1.973968249745667,2.0486572925001383,0.0746890427544713
maritime_off,39,3,0,7,11,5,0,3,0,0,2.225392666645348,0,0,0,7,5,-2,11,7,-4,5,5,0,0,0,0,3,3,0,0,0,0,0,0,0,2.225392666645348,1.7187344171106815,-0.5066582495346665
maritime_off,40,0,1,10,7,1,3,4,1,0,0.8963494589552283,1,1,0,10,10,0,7,5,-2,1,0,-1,3,3,0,4,6,2,1,1,0,0,0,0,0.8963494589552283,0.7955178329721093,-0.10083162598311901
maritime_off,41,1,1,10,8,2,3,5,0,0,2.3402652498334646,1,1,0,10,10,0,8,7,-1,2,4,2,3,2,-1,5,6,1,0,0,0,0,0,0,2.3402652498334646,2.0581248328089714,-0.2821404170244932
maritime_off,42,2,1,10,8,5,0,5,1,0,1.1388158332556486,1,1,0,10,10,0,8,8,0,5,5,0,0,0,0,5,5,0,1,1,0,0,0,0,1.1388158332556486,1.132454833947122,-0.006360999308526516
maritime_off,43,3,1,10,15,4,3,4,0,0,2.364023166708648,1,1,0,10,10,0,15,10,-5,4,5,1,3,2,-1,4,5,1,0,0,0,0,0,0,2.364023166708648,2.0414632922038436,-0.3225598745048046
maritime_off,44,0,1,10,8,2,3,5,0,0,1.7747466657310724,1,1,0,10,10,0,8,8,0,2,0,-2,3,4,1,5,5,0,0,0,0,0,0,0,1.7747466657310724,1.8281385004520416,0.0533918347209692
maritime_off,45,1,0,2,3,2,0,1,0,0,2.307794541120529,0,1,1,2,10,8,3,12,9,2,5,3,0,1,1,1,5,4,0,1,1,0,0,0,2.307794541120529,1.8417989574372768,-0.46599558368325233
maritime_off,46,2,1,10,15,4,2,4,0,0,2.7780400840565562,1,1,0,10,10,0,15,10,-5,4,4,0,2,2,0,4,4,0,0,0,0,0,0,0,2.7780400840565562,2.270570625551045,-0.5074694585055113
maritime_off,47,3,0,8,12,5,0,3,1,0,1.9904904589056969,0,0,0,8,8,0,12,8,-4,5,5,0,0,1,1,3,4,1,1,0,-1,0,0,0,1.9904904589056969,2.3441025000065565,0.35361204110085964
maritime_off,48,0,0,3,3,2,0,4,0,0,0.9019618341699243,0,0,0,3,8,5,3,6,3,2,4,2,0,1,1,4,5,1,0,0,0,0,0,0,0.9019618341699243,1.5637167915701866,0.6617549574002624
maritime_off,49,1,1,10,12,4,1,5,1,0,1.7681124173104763,1,1,0,10,10,0,12,12,0,4,4,0,1,1,0,5,5,0,1,1,0,0,0,0,1.7681124173104763,1.886965749785304,0.11885333247482777
maritime_off,50,2,0,6,10,4,1,2,0,0,1.7324859574437141,0,0,0,6,5,-1,10,7,-3,4,1,-3,1,2,1,2,1,-1,0,0,0,0,0,0,1.7324859574437141,1.1655985414981842,-0.5668874159455299
maritime_off,51,3,0,5,6,4,0,2,0,0,1.5838967096060514,0,0,0,5,9,4,6,9,3,4,4,0,0,2,2,2,1,-1,0,0,0,0,0,0,1.5838967096060514,1.9353195829316974,0.3514228733256459
maritime_off,52,0,0,9,7,0,4,6,0,0,1.449865791015327,0,1,1,9,10,1,7,11,4,0,4,4,4,2,-2,6,2,-4,0,1,1,0,0,0,1.449865791015327,1.3225047495216131,-0.12736104149371386
maritime_off,53,1,0,7,7,5,1,1,0,0,1.748846790753305,0,0,0,7,6,-1,7,11,4,5,5,0,1,0,-1,1,4,3,0,0,0,0,0,0,1.748846790753305,1.9424584172666073,0.19361162651330233
maritime_off,54,2,0,4,3,1,1,7,0,0,1.3273824593052268,0,0,0,4,6,2,3,3,0,1,1,0,1,2,1,7,7,0,0,0,0,0,0,0,1.3273824593052268,1.399602041579783,0.07221958227455616
maritime_off,55,3,0,7,15,5,0,2,1,0,1.7690808335319161,0,1,1,7,10,3,15,14,-1,5,4,-1,0,2,2,2,4,2,1,1,0,0,0,0,1.7690808335319161,2.298001875169575,0.5289210416376591
maritime_off,56,0,1,10,14,4,2,6,1,0,2.20815662574023,1,0,-1,10,6,-4,14,10,-4,4,5,1,2,0,-2,6,4,-2,1,0,-1,0,0,0,2.20815662574023,1.784313458018005,-0.4238431677222252
maritime_off,57,1,0,4,4,4,0,2,0,0,2.061323957517743,0,0,0,4,7,3,4,3,-1,4,1,-3,0,2,2,2,7,5,0,0,0,0,0,0,2.061323957517743,1.9135842500254512,-0.14773970749229193
maritime_off,58,2,0,7,11,5,1,0,0,0,1.7980125825852156,0,0,0,7,6,-1,11,7,-4,5,2,-3,1,2,1,0,5,5,0,0,0,0,0,0,1.7980125825852156,2.1569897504523396,0.3589771678671241
maritime_off,59,3,1,10,15,5,1,3,1,0,2.6247202903032303,1,1,0,10,10,0,15,13,-2,5,5,0,1,1,0,3,2,-1,1,1,0,0,0,0,2.6247202903032303,2.0525484578683972,-0.572171832434833
maritime_off,60,0,0,7,8,4,1,4,0,0,2.1536189997568727,0,0,0,7,7,0,8,12,4,4,4,0,1,1,0,4,4,0,0,0,0,0,0,0,2.1536189997568727,2.27897937502712,0.12536037527024746
maritime_off,61,1,0,8,8,5,1,5,0,0,1.9439496248960495,0,0,0,8,7,-1,8,6,-2,5,4,-1,1,1,0,5,4,-1,0,0,0,0,0,0,1.9439496248960495,1.6563811665400863,-0.28756845835596323
maritime_off,62,2,0,3,12,1,1,0,0,0,1.9860309157520533,0,0,0,3,7,4,12,10,-2,1,3,2,1,2,1,0,1,1,0,0,0,0,0,0,1.9860309157520533,2.7122486252337694,0.7262177094817162
maritime_off,63,3,1,10,7,0,4,4,0,0,1.782156791538,1,0,-1,10,6,-4,7,3,-4,0,0,0,4,3,-1,4,2,-2,0,0,0,0,0,0,1.782156791538,1.3472404573112726,-0.4349163342267275
maritime_off,64,0,0,9,11,4,1,2,1,0,2.1072039175778627,0,0,0,9,7,-2,11,5,-6,4,2,-2,1,2,1,2,4,2,1,0,-1,0,0,0,2.1072039175778627,2.1313872495666146,0.02418333198875189
maritime_off,65,1,0,5,7,1,2,3,0,0,1.5842093331739306,0,0,0,5,8,3,7,7,0,1,2,1,2,3,1,3,1,-2,0,0,0,0,0,0,1.5842093331739306,2.0064038326963782,0.4221944995224476
maritime_off,66,2,0,4,5,4,0,0,0,0,1.3436027504503727,0,0,0,4,5,1,5,5,0,4,4,0,0,0,0,0,6,6,0,0,0,0,0,0,1.3436027504503727,1.741616957820952,0.39801420737057924
maritime_off,67,3,1,10,14,4,1,6,1,0,2.0969560826197267,1,1,0,10,10,0,14,15,1,4,3,-1,1,2,1,6,5,-1,1,1,0,0,0,0,2.0969560826197267,2.33223441708833,0.23527833446860313
maritime_off,68,0,0,7,8,3,1,3,0,0,2.005345333367586,0,1,1,7,10,3,8,8,0,3,3,0,1,2,1,3,6,3,0,0,0,0,0,0,2.005345333367586,2.355710666626692,0.3503653332591057
maritime_off,69,1,0,6,8,5,0,7,0,0,2.0261375829577446,0,0,0,6,9,3,8,8,0,5,0,-5,0,4,4,7,4,-3,0,0,0,0,0,0,2.0261375829577446,2.343197874724865,0.31706029176712036
maritime_off,70,2,0,4,3,2,1,3,0,0,1.3977930843830109,0,1,1,4,10,6,3,7,4,2,1,-1,1,3,2,3,5,2,0,0,0,0,0,0,1.3977930843830109,2.4254176672548056,1.0276245828717947
maritime_off,71,3,0,9,4,0,4,1,0,0,1.6745811244472861,0,1,1,9,10,1,4,7,3,0,3,3,4,2,-2,1,4,3,0,0,0,0,0,0,1.6745811244472861,1.811999125406146,0.13741800095885992
maritime_off,72,0,1,10,10,2,4,4,0,0,1.8167279176414013,1,1,0,10,10,0,10,7,-3,2,1,-1,4,4,0,4,4,0,0,0,0,0,0,0,1.8167279176414013,2.0009142495691776,0.18418633192777634
maritime_off,73,1,1,11,13,1,4,0,1,0,2.298147415742278,1,0,-1,11,7,-4,13,9,-4,1,5,4,4,0,-4,0,6,6,1,0,-1,0,0,0,2.298147415742278,1.6113264998421073,-0.6868209159001708
maritime_off,74,2,0,6,7,3,1,5,0,0,1.5398547500371933,0,0,0,6,6,0,7,7,0,3,3,0,1,1,0,5,5,0,0,0,0,0,0,0,1.5398547500371933,1.594669166021049,0.054814415983855724
maritime_off,75,3,0,6,9,4,1,1,0,0,1.6283454168587923,0,1,1,6,10,4,9,10,1,4,4,0,1,2,1,1,3,2,0,1,1,0,0,0,1.6283454168587923,2.133237624540925,0.5048922076821327
maritime_off,76,0,0,4,5,4,0,3,0,0,1.9262295411899686,0,0,0,4,5,1,5,7,2,4,5,1,0,0,0,3,1,-2,0,0,0,0,0,0,1.9262295411899686,2.783263667486608,0.8570341262966394
maritime_off,77,1,0,5,6,4,0,2,0,0,1.2586103333160281,0,0,0,5,5,0,6,6,0,4,4,0,0,0,0,2,6,4,0,0,0,0,0,0,1.2586103333160281,1.7498790826648474,0.49126874934881926
maritime_off,78,2,0,6,9,2,1,5,0,0,1.5295066246762872,0,1,1,6,10,4,9,10,1,2,1,-1,1,4,3,5,4,-1,0,0,0,0,0,0,1.5295066246762872,2.137034958228469,0.6075283335521817
maritime_off,79,3,1,10,15,4,2,4,1,0,2.0823160829022527,1,1,0,10,10,0,15,10,-5,4,5,1,2,1,-1,4,2,-2,1,1,0,0,0,0,2.0823160829022527,1.4631741661578417,-0.619141916744411
maritime_off,80,0,1,10,10,2,4,1,0,0,2.597531957551837,1,1,0,10,10,0,10,7,-3,2,1,-1,4,4,0,1,5,4,0,0,0,0,0,0,2.597531957551837,2.952953416854143,0.3554214593023062
maritime_off,81,1,0,8,8,1,2,7,0,0,1.9073242917656898,0,0,0,8,7,-1,8,5,-3,1,0,-1,2,3,1,7,6,-1,0,0,0,0,0,0,1.9073242917656898,1.7033819574862719,-0.203942334279418
maritime_off,82,2,0,6,6,4,0,4,0,0,0.9442288754507899,0,1,1,6,10,4,6,12,6,4,5,1,0,1,1,4,3,-1,0,1,1,0,0,0,0.9442288754507899,2.280801917426288,1.3365730419754982
maritime_off,83,3,0,5,4,1,2,5,0,0,1.4945382503792644,0,0,0,5,5,0,4,8,4,1,3,2,2,1,-1,5,4,-1,0,0,0,0,0,0,1.4945382503792644,1.7898438340052962,0.2953055836260319
maritime_off,84,0,0,4,4,4,0,1,0,0,1.5355299999937415,0,0,0,4,6,2,4,13,9,4,4,0,0,1,1,1,2,1,0,0,0,0,0,0,1.5355299999937415,2.4649661257863045,0.929436125792563
maritime_off,85,1,0,7,14,5,0,0,1,0,1.989129583351314,0,0,0,7,8,1,14,10,-4,5,5,0,0,0,0,0,1,1,1,1,0,0,0,0,1.989129583351314,1.6412750827148557,-0.3478545006364584
maritime_off,86,2,1,10,12,0,4,1,1,0,2.1587944580242038,1,0,-1,10,4,-6,12,5,-7,0,3,3,4,0,-4,1,5,4,1,0,-1,0,0,0,2.1587944580242038,1.2187108751386404,-0.9400835828855634
maritime_off,87,3,0,2,6,2,0,0,0,0,1.0510397497564554,0,0,0,2,4,2,6,7,1,2,4,2,0,0,0,0,6,6,0,0,0,0,0,0,1.0510397497564554,1.562777541577816,0.5117377918213606
maritime_off,88,0,0,5,9,5,0,2,0,0,1.3005626667290926,0,1,1,5,10,5,9,13,4,5,4,-1,0,2,2,2,1,-1,0,1,1,0,0,0,1.3005626667290926,1.9226027075201273,0.6220400407910347
maritime_off,89,1,0,5,8,5,0,3,0,0,2.454369416460395,0,0,0,5,6,1,8,6,-2,5,4,-1,0,0,0,3,7,4,0,0,0,0,0,0,2.454369416460395,2.6848678337410092,0.23049841728061438
maritime_off,90,2,0,7,7,3,1,7,0,0,2.3706657495349646,0,0,0,7,9,2,7,7,0,3,0,-3,1,4,3,7,2,-5,0,0,0,0,0,0,2.3706657495349646,2.4705019164830446,0.09983616694808006
maritime_off,91,3,0,7,3,1,1,6,0,0,2.1434047501534224,0,0,0,7,6,-1,3,3,0,1,3,2,1,0,-1,6,9,3,0,0,0,0,0,0,2.1434047501534224,2.400311416015029,0.2569066658616066
maritime_off,92,0,0,5,6,3,1,1,0,0,1.5275157075375319,0,1,1,5,11,6,6,11,5,3,5,2,1,2,1,1,4,3,0,1,1,0,0,0,1.5275157075375319,2.1903194999322295,0.6628037923946977
maritime_off,93,1,0,3,7,3,0,3,0,0,1.2601849595084786,0,0,0,3,5,2,7,9,2,3,5,2,0,0,0,3,1,-2,0,0,0,0,0,0,1.2601849595084786,1.6538544157519937,0.393669456243515
maritime_off,94,2,0,6,6,4,0,3,0,0,2.333265000022948,0,0,0,6,9,3,6,12,6,4,4,0,0,1,1,3,3,0,0,1,1,0,0,0,2.333265000022948,2.9470208333805203,0.6137558333575726
maritime_off,95,3,0,7,12,4,1,3,0,0,2.0608790423721075,0,1,1,7,10,3,12,15,3,4,4,0,1,2,1,3,6,3,0,0,0,0,0,0,2.0608790423721075,2.670155042782426,0.6092760004103184
maritime_off,96,0,0,9,15,1,3,2,1,0,1.9749593753367662,0,0,0,9,8,-1,15,9,-6,1,2,1,3,2,-1,2,4,2,1,0,-1,0,0,0,1.9749593753367662,1.7383954171091318,-0.23656395822763443
maritime_off,97,1,1,10,15,5,2,3,0,0,2.6622109171003103,1,0,-1,10,8,-2,15,9,-6,5,4,-1,2,2,0,3,1,-2,0,0,0,0,0,0,2.6622109171003103,2.2067645834758878,-0.45544633362442255
maritime_off,98,2,0,7,15,5,0,2,1,0,2.122292916290462,0,1,1,7,10,3,15,15,0,5,4,-1,0,2,2,2,0,-2,1,1,0,0,0,0,2.122292916290462,3.0177856255322695,0.8954927092418075
maritime_off,99,3,1,10,11,3,2,1,1,0,1.3315272508189082,1,0,-1,10,7,-3,11,14,3,3,5,2,2,0,-2,1,5,4,1,1,0,0,0,0,1.3315272508189082,2.8206626661121845,1.4891354152932763
maritime_off,100,0,1,10,8,4,2,8,0,0,1.7319061672315001,1,0,-1,10,9,-1,8,5,-3,4,1,-3,2,3,1,8,7,-1,0,0,0,0,0,0,1.7319061672315001,1.9874078333377838,0.25550166610628366
maritime_off,101,1,1,10,12,3,2,5,1,0,2.5815682923421264,1,1,0,10,10,0,12,12,0,3,0,-3,2,4,2,5,3,-2,1,1,0,0,0,0,2.5815682923421264,2.2964580822736025,-0.2851102100685239
maritime_off,102,2,0,3,6,1,1,1,0,0,1.2829238334670663,0,1,1,3,10,7,6,10,4,1,3,2,1,2,1,1,3,2,0,1,1,0,0,0,1.2829238334670663,2.1624335404485464,0.8795097069814801
maritime_off,103,3,0,9,13,5,1,3,1,0,2.4445957923308015,0,1,1,9,10,1,13,15,2,5,5,0,1,1,0,3,7,4,1,1,0,0,0,0,2.4445957923308015,3.523869166150689,1.0792733738198876
maritime_off,104,0,1,10,12,1,4,2,0,0,2.6025781659409404,1,0,-1,10,8,-2,12,7,-5,1,3,2,4,2,-2,2,4,2,0,0,0,0,0,0,2.6025781659409404,2.1700095422565937,-0.4325686236843467
maritime_off,105,1,1,10,15,4,1,4,1,0,1.9747632080689073,1,0,-1,10,8,-2,15,9,-6,4,4,0,1,2,1,4,5,1,1,0,-1,0,0,0,1.9747632080689073,2.4855119585990906,0.5107487505301833
maritime_off,106,2,1,10,11,2,4,1,0,0,2.1262804167345166,1,1,0,10,10,0,11,8,-3,2,1,-1,4,4,0,1,2,1,0,0,0,0,0,0,2.1262804167345166,1.8704096246510744,-0.2558707920834422
maritime_off,107,3,0,4,11,2,1,2,0,0,1.2571476669982076,0,1,1,4,10,6,11,8,-3,2,4,2,1,2,1,2,4,2,0,0,0,0,0,0,1.2571476669982076,1.4968697493895888,0.23972208239138126
maritime_off,108,0,1,10,11,4,3,1,0,0,1.861466208472848,1,1,0,10,10,0,11,9,-2,4,1,-3,3,4,1,1,1,0,0,0,0,0,0,0,1.861466208472848,2.0914405416697264,0.22997433319687843
maritime_off,109,1,1,10,12,5,1,2,1,0,2.1560534173622727,1,0,-1,10,9,-1,12,8,-4,5,3,-2,1,2,1,2,5,3,1,0,-1,0,0,0,2.1560534173622727,2.4322191663086414,0.2761657489463687
maritime_off,110,2,0,9,10,4,2,1,0,0,1.6595742497593164,0,1,1,9,10,1,10,11,1,4,3,-1,2,3,1,1,4,3,0,0,0,0,0,0,1.6595742497593164,1.9075897494331002,0.24801549967378378
maritime_off,111,3,0,4,7,0,2,0,0,0,2.292746542021632,0,1,1,4,10,6,7,11,4,0,4,4,2,3,1,0,1,1,0,0,0,0,0,0,2.292746542021632,2.3143756249919534,0.02162908297032118
maritime_off,112,0,0,6,12,4,1,1,0,0,1.759534957818687,0,0,0,6,7,1,12,9,-3,4,5,1,1,1,0,1,2,1,0,0,0,0,0,0,1.759534957818687,2.0883941669017076,0.3288592090830207
maritime_off,113,1,0,5,7,5,0,1,0,0,1.0946558341383934,0,1,1,5,10,5,7,9,2,5,5,0,0,1,1,1,1,0,0,1,1,0,0,0,1.0946558341383934,1.41690129134804,0.3222454572096467
maritime_off,114,2,0,7,15,5,0,2,1,0,2.299390582367778,0,0,0,7,8,1,15,10,-5,5,5,0,0,0,0,2,4,2,1,1,0,0,0,0,2.299390582367778,1.7078992910683155,-0.5914912912994623
maritime_off,115,3,1,10,15,5,1,6,1,0,2.524952041916549,1,1,0,10,10,0,15,10,-5,5,3,-2,1,3,2,6,4,-2,1,0,-1,0,0,0,2.524952041916549,2.5573212075978518,0.03236916568130255
maritime_off,116,0,1,10,15,2,4,2,0,0,2.495245791040361,1,0,-1,10,8,-2,15,11,-4,2,4,2,4,1,-3,2,7,5,0,0,0,0,0,0,2.495245791040361,2.5008673341944814,0.005621543154120445
maritime_off,117,1,1,10,12,4,2,3,0,0,2.274510749615729,1,0,-1,10,9,-1,12,14,2,4,4,0,2,2,0,3,6,3,0,0,0,0,0,0,2.274510749615729,3.3506249161437154,1.0761141665279865
maritime_off,118,2,0,7,15,5,0,0,1,0,2.4438860826194286,0,0,0,7,9,2,15,12,-3,5,4,-1,0,1,1,0,3,3,1,1,0,0,0,0,2.4438860826194286,2.375034208409488,-0.06885187420994043
maritime_off,119,3,0,7,15,5,0,3,1,0,1.7948677083477378,0,0,0,7,9,2,15,13,-2,5,4,-1,0,1,1,3,6,3,1,1,0,0,0,0,1.7948677083477378,2.2998133348301053,0.5049456264823675
maritime_off,120,0,1,10,6,1,4,5,0,0,1.5097387498244643,1,0,-1,10,6,-4,6,8,2,1,2,1,4,2,-2,5,6,1,0,0,0,0,0,0,1.5097387498244643,1.8226918326690793,0.312953082844615
maritime_off,121,1,0,6,5,4,0,4,0,0,1.867152875289321,0,1,1,6,10,4,5,10,5,4,3,-1,0,3,3,4,2,-2,0,0,0,0,0,0,1.867152875289321,2.0399248329922557,0.17277195770293474
maritime_off,122,2,0,4,12,4,0,1,0,0,1.77617625053972,0,1,1,4,10,6,12,12,0,4,5,1,0,1,1,1,4,3,0,1,1,0,0,0,1.77617625053972,2.378409208729863,0.6022329581901431
maritime_off,123,3,0,5,6,2,1,1,0,0,1.0099894991144538,0,0,0,5,9,4,6,11,5,2,5,3,1,0,-1,1,6,5,0,1,1,0,0,0,1.0099894991144538,2.334821166470647,1.324831667356193
maritime_off,124,0,0,5,4,4,0,7,0,0,1.3614748325198889,0,1,1,5,10,5,4,6,2,4,2,-2,0,3,3,7,8,1,0,0,0,0,0,0,1.3614748325198889,2.6587086245417595,1.2972337920218706
maritime_off,125,1,0,8,15,5,0,4,1,0,2.2240289580076933,0,1,1,8,10,2,15,14,-1,5,5,0,0,1,1,4,4,0,1,1,0,0,0,0,2.2240289580076933,2.358448166400194,0.13441920839250088
maritime_off,126,2,0,5,8,4,0,2,0,0,2.087378249503672,0,0,0,5,6,1,8,11,3,4,5,1,0,0,0,2,4,2,0,0,0,0,0,0,2.087378249503672,2.2379006249830127,0.15052237547934055
maritime_off,127,3,0,6,6,5,0,1,0,0,1.9457431249320507,0,0,0,6,5,-1,6,11,5,5,5,0,0,0,0,1,3,2,0,0,0,0,0,0,1.9457431249320507,2.474054416641593,0.5283112917095423
maritime_off,128,0,0,7,11,5,1,5,0,0,1.9394364999607205,0,0,0,7,8,1,11,11,0,5,4,-1,1,2,1,5,7,2,0,0,0,0,0,0,1.9394364999607205,2.463039125315845,0.5236026253551245
maritime_off,129,1,0,9,15,2,3,3,0,0,2.1242517922073603,0,0,0,9,9,0,15,9,-6,2,3,1,3,3,0,3,3,0,0,0,0,0,0,0,2.1242517922073603,2.417300916276872,0.2930491240695119
maritime_off,130,2,0,4,7,4,0,1,0,0,1.7064803754910827,0,1,1,4,10,6,7,9,2,4,3,-1,0,2,2,1,7,6,0,1,1,0,0,0,1.7064803754910827,2.4104305412620306,0.7039501657709479
maritime_off,131,3,1,10,15,4,2,2,0,0,2.152212250046432,1,1,0,10,10,0,15,9,-6,4,5,1,2,2,0,2,7,5,0,0,0,0,0,0,2.152212250046432,2.415769041515887,0.26355679146945477
maritime_off,132,0,1,10,11,4,0,7,1,0,1.240097458474338,1,1,0,10,10,0,11,10,-1,4,4,0,0,1,1,7,7,0,1,1,0,0,0,0,1.240097458474338,1.9148299163207412,0.6747324578464031
maritime_off,133,1,1,10,12,3,2,3,1,0,1.9058821257203817,1,0,-1,10,9,-1,12,12,0,3,5,2,2,1,-1,3,4,1,1,0,-1,0,0,0,1.9058821257203817,2.5795592917129397,0.673677165992558
maritime_off,134,2,0,8,9,4,1,3,0,0,1.731013166718185,0,1,1,8,10,2,9,13,4,4,3,-1,1,2,1,3,3,0,0,1,1,0,0,0,1.731013166718185,1.958948084153235,0.22793491743505
maritime_off,135,3,0,9,8,1,4,3,0,0,2.2814499586820602,0,0,0,9,8,-1,8,10,2,1,3,2,4,2,-2,3,4,1,0,0,0,0,0,0,2.2814499586820602,2.0496810004115105,-0.23176895827054977
maritime_off,136,0,0,7,3,2,1,5,0,0,1.6644663754850626,0,1,1,7,10,3,3,5,2,2,1,-1,1,3,2,5,6,1,0,0,0,0,0,0,1.6644663754850626,2.272998374886811,0.6085319994017482
maritime_off,137,1,1,10,7,1,4,3,0,0,1.9616378340870142,1,0,-1,10,7,-3,7,3,-4,1,0,-1,4,3,-1,3,2,-1,0,0,0,0,0,0,1.9616378340870142,1.2095468752086163,-0.7520909588783979
maritime_off,138,2,0,5,8,4,0,4,0,0,1.4705190416425467,0,0,0,5,7,2,8,13,5,4,4,0,0,1,1,4,6,2,0,0,0,0,0,0,1.4705190416425467,2.4322963329032063,0.9617772912606597
maritime_off,139,3,1,10,15,5,2,6,0,0,2.288399875164032,1,1,0,10,10,0,15,13,-2,5,4,-1,2,2,0,6,9,3,0,0,0,0,0,0,2.288399875164032,3.7102077500894666,1.4218078749254346
maritime_off,140,0,0,6,3,1,2,4,0,0,1.0730109997093678,0,0,0,6,8,2,3,5,2,1,1,0,2,3,1,4,4,0,0,0,0,0,0,0,1.0730109997093678,2.308408457785845,1.235397458076477
maritime_off,141,1,0,7,9,1,2,1,1,0,1.2694421671330929,0,0,0,7,9,2,9,3,-6,1,1,0,2,2,0,1,6,5,1,0,-1,0,0,0,1.2694421671330929,1.965991709381342,0.696549542248249
maritime_off,142,2,0,9,6,1,3,4,0,0,2.5267002498731017,0,0,0,9,6,-3,6,4,-2,1,2,1,3,1,-2,4,6,2,0,0,0,0,0,0,2.5267002498731017,2.0734377913177013,-0.45326245855540037
maritime_off,143,3,0,6,10,0,3,1,0,0,1.6562938755378127,0,1,1,6,10,4,10,9,-1,0,0,0,3,4,1,1,3,2,0,1,1,0,0,0,1.6562938755378127,1.7079003751277924,0.05160649958997965
maritime_off,144,0,1,10,11,2,4,2,0,0,2.2018959587439895,1,1,0,10,10,0,11,8,-3,2,3,1,4,2,-2,2,6,4,0,0,0,0,0,0,2.2018959587439895,1.9525515837594867,-0.2493443749845028
maritime_off,145,1,0,5,11,5,0,0,0,0,1.971441375091672,0,0,0,5,8,3,11,7,-4,5,3,-2,0,2,2,0,2,2,0,0,0,0,0,0,1.971441375091672,2.2385195000097156,0.2670781249180436
maritime_off,146,2,1,10,11,5,1,5,1,0,1.502548166550696,1,1,0,10,10,0,11,10,-1,5,5,0,1,1,0,5,5,0,1,1,0,0,0,0,1.502548166550696,1.504094334319234,0.0015461677685379982
maritime_off,147,3,0,8,4,0,3,5,0,0,2.132437165826559,0,0,0,8,8,0,4,5,1,0,1,1,3,3,0,5,6,1,0,0,0,0,0,0,2.132437165826559,1.9290949162095785,-0.20334224961698055
maritime_off,148,0,1,10,13,5,1,5,1,0,2.1198797086253762,1,0,-1,10,9,-1,13,12,-1,5,4,-1,1,1,0,5,2,-3,1,1,0,0,0,0,2.1198797086253762,1.5045430837199092,-0.615336624905467
maritime_off,149,1,0,5,11,5,0,3,0,0,1.9944632081314921,0,1,1,5,10,5,11,12,1,5,4,-1,0,2,2,3,3,0,0,1,1,0,0,0,1.9944632081314921,2.134995083324611,0.14053187519311905
maritime_off,150,2,0,5,9,5,0,4,0,0,1.4122270001098514,0,0,0,5,5,0,9,11,2,5,5,0,0,0,0,4,6,2,0,0,0,0,0,0,1.4122270001098514,1.958994290791452,0.5467672906816006
maritime_off,151,3,0,5,5,3,0,3,0,0,2.7307184170931578,0,0,0,5,4,-1,5,7,2,3,4,1,0,0,0,3,2,-1,0,0,0,0,0,0,2.7307184170931578,1.780084041878581,-0.9506343752145767
maritime_off,152,0,0,9,8,1,4,0,0,0,1.678473874926567,0,0,0,9,4,-5,8,6,-2,1,2,1,4,1,-3,0,0,0,0,0,0,0,0,0,1.678473874926567,0.8229494169354439,-0.8555244579911232
maritime_off,153,1,0,7,15,5,0,3,1,0,2.1509964587166905,0,1,1,7,10,3,15,9,-6,5,4,-1,0,1,1,3,4,1,1,1,0,0,0,0,2.1509964587166905,1.7852580416947603,-0.3657384170219302
maritime_off,154,2,0,3,4,2,0,1,0,0,2.0973094580695033,0,0,0,3,4,1,4,5,1,2,4,2,0,0,0,1,1,0,0,0,0,0,0,0,2.0973094580695033,1.1982285417616367,-0.8990809163078666
maritime_off,155,3,0,9,15,5,1,1,1,0,3.1873411247506738,0,1,1,9,10,1,15,14,-1,5,5,0,1,1,0,1,4,3,1,1,0,0,0,0,3.1873411247506738,2.2137951673939824,-0.9735459573566914
maritime_off,156,0,1,10,6,3,2,3,0,0,1.0574905825778842,1,1,0,10,10,0,6,6,0,3,2,-1,2,3,1,3,5,2,0,0,0,0,0,0,1.0574905825778842,1.881119417026639,0.8236288344487548
maritime_off,157,1,0,6,2,0,2,5,0,0,1.7751606246456504,0,1,1,6,10,4,2,9,7,0,4,4,2,2,0,5,3,-2,0,0,0,0,0,0,1.7751606246456504,2.7244535414502025,0.9492929168045521
maritime_off,158,2,1,10,11,4,3,2,0,0,2.1468882085755467,1,1,0,10,10,0,11,6,-5,4,1,-3,3,4,1,2,1,-1,0,0,0,0,0,0,2.1468882085755467,1.7558047082275152,-0.3910835003480315
maritime_off,159,3,0,7,5,2,2,4,0,0,1.3701324993744493,0,0,0,7,8,1,5,6,1,2,3,1,2,2,0,4,5,1,0,0,0,0,0,0,1.3701324993744493,1.5039300844073296,0.1337975850328803
maritime_off,160,0,0,8,9,2,3,2,0,0,2.013052625581622,0,1,1,8,10,2,9,10,1,2,1,-1,3,4,1,2,4,2,0,0,0,0,0,0,2.013052625581622,2.3646399583667517,0.35158733278512955
maritime_off,161,1,0,5,9,5,0,2,0,0,1.55548679176718,0,1,1,5,10,5,9,12,3,5,4,-1,0,2,2,2,0,-2,0,1,1,0,0,0,1.55548679176718,2.22329895850271,0.6678121667355299
maritime_off,162,2,0,8,15,3,2,1,0,0,2.663642874918878,0,1,1,8,10,2,15,10,-5,3,4,1,2,1,-1,1,2,1,0,1,1,0,0,0,2.663642874918878,1.674806833267212,-0.9888360416516662
maritime_off,163,3,1,11,13,4,2,2,1,0,2.422314499504864,1,0,-1,11,9,-2,13,8,-5,4,4,0,2,1,-1,2,7,5,1,0,-1,0,0,0,2.422314499504864,2.116623125039041,-0.3056913744658232
maritime_off,164,0,0,8,15,5,0,5,1,0,2.385076582431793,0,0,0,8,5,-3,15,9,-6,5,5,0,0,0,0,5,3,-2,1,0,-1,0,0,0,2.385076582431793,1.3062570001929998,-1.0788195822387934
maritime_off,165,1,0,4,2,2,0,4,0,0,0.9136330410838127,0,0,0,4,4,0,2,3,1,2,1,-1,0,1,1,4,7,3,0,0,0,0,0,0,0.9136330410838127,1.639306957833469,0.7256739167496562
maritime_off,166,2,0,4,12,4,0,2,0,0,1.7310712086036801,0,0,0,4,9,5,12,11,-1,4,5,1,0,2,2,2,3,1,0,0,0,0,0,0,1.7310712086036801,2.680243625305593,0.9491724167019129
maritime_off,167,3,0,5,9,5,0,2,0,0,1.7826937502250075,0,1,1,5,10,5,9,11,2,5,5,0,0,2,2,2,6,4,0,0,0,0,0,0,1.7826937502250075,2.862876375205815,1.0801826249808073
maritime_off,168,0,0,7,3,0,3,5,0,0,1.6569637497887015,0,0,0,7,8,1,3,3,0,0,0,0,3,3,0,5,7,2,0,0,0,0,0,0,1.6569637497887015,1.8169714165851474,0.16000766679644585
maritime_off,169,1,0,2,12,2,0,1,0,0,1.612365665845573,0,0,0,2,2,0,12,11,-1,2,2,0,0,0,0,1,1,0,0,0,0,0,0,0,1.612365665845573,1.3620632914826274,-0.25030237436294556
maritime_off,170,2,0,5,15,5,0,2,0,0,2.395603207871318,0,0,0,5,6,1,15,10,-5,5,4,-1,0,1,1,2,3,1,0,0,0,0,0,0,2.395603207871318,2.093946250155568,-0.30165695771574974
maritime_off,171,3,0,4,9,4,0,6,0,0,1.661986917257309,0,0,0,4,6,2,9,10,1,4,4,0,0,1,1,6,4,-2,0,0,0,0,0,0,1.661986917257309,1.9246477084234357,0.26266079116612673
maritime_off,172,0,0,7,10,5,0,3,1,0,1.472973957657814,0,1,1,7,10,3,10,13,3,5,3,-2,0,2,2,3,4,1,1,1,0,0,0,0,1.472973957657814,1.938287583179772,0.4653136255219579
maritime_off,173,1,0,7,15,5,0,0,1,0,2.787193208001554,0,0,0,7,6,-1,15,5,-10,5,3,-2,0,1,1,0,1,1,1,0,-1,0,0,0,2.787193208001554,2.017453166656196,-0.7697400413453579
maritime_off,174,2,0,5,8,3,0,2,0,0,1.1402902081608772,0,0,0,5,6,1,8,6,-2,3,4,1,0,0,0,2,2,0,0,0,0,0,0,0,1.1402902081608772,0.903337124735117,-0.23695308342576027
maritime_off,175,3,0,7,8,3,2,2,0,0,2.114275375381112,0,0,0,7,9,2,8,9,1,3,1,-2,2,4,2,2,0,-2,0,0,0,0,0,0,2.114275375381112,2.5280558755621314,0.4137805001810193
maritime_off,176,0,0,7,8,4,1,6,0,0,1.8876132918521762,0,1,1,7,10,3,8,12,4,4,4,0,1,1,0,6,3,-3,0,1,1,0,0,0,1.8876132918521762,1.7099897908046842,-0.17762350104749203
maritime_off,177,1,0,9,9,4,2,5,0,0,2.0803738329559565,0,0,0,9,8,-1,9,11,2,4,5,1,2,1,-1,5,3,-2,0,0,0,0,0,0,2.0803738329559565,2.237679209560156,0.1573053766041994
maritime_off,178,2,0,5,11,5,0,5,0,0,2.3673171252012253,0,0,0,5,6,1,11,10,-1,5,4,-1,0,1,1,5,3,-2,0,0,0,0,0,0,2.3673171252012253,2.3653914174064994,-0.001925707794725895
maritime_off,179,3,0,7,7,4,1,2,0,0,1.3522947076708078,0,1,1,7,10,3,7,7,0,4,4,0,1,2,1,2,2,0,0,0,0,0,0,0,1.3522947076708078,1.2596499165520072,-0.09264479111880064
maritime_off,180,0,0,4,9,2,1,4,0,0,1.4795457925647497,0,1,1,4,10,6,9,10,1,2,5,3,1,2,1,4,3,-1,0,0,0,0,0,0,1.4795457925647497,2.1009194580838084,0.6213736655190587
maritime_off,181,1,0,7,15,4,1,4,0,0,2.6070078751072288,0,1,1,7,10,3,15,8,-7,4,1,-3,1,4,3,4,7,3,0,0,0,0,0,0,2.6070078751072288,2.566253916360438,-0.040753958746790886
maritime_off,182,2,1,10,8,3,3,2,0,0,1.768731207586825,1,1,0,10,11,1,8,14,6,3,4,1,3,2,-1,2,4,2,0,1,1,0,0,0,1.768731207586825,2.2589269997552037,0.49019579216837883
maritime_off,183,3,0,8,15,5,1,5,0,0,2.2798376670107245,0,1,1,8,10,2,15,15,0,5,4,-1,1,3,2,5,4,-1,0,0,0,0,0,0,2.2798376670107245,2.3187619587406516,0.03892429172992706
maritime_off,184,0,0,7,15,5,0,3,1,0,2.429200166836381,0,1,1,7,10,3,15,12,-3,5,5,0,0,1,1,3,7,4,1,1,0,0,0,0,2.429200166836381,2.468250165693462,0.039049998857080936
maritime_off,185,1,1,10,14,5,1,3,1,0,2.207862541079521,1,1,0,10,10,0,14,15,1,5,4,-1,1,2,1,3,2,-1,1,1,0,0,0,0,2.207862541079521,2.3628411246463656,0.15497858356684446
maritime_off,186,2,0,3,5,3,0,1,0,0,1.575196540914476,0,0,0,3,4,1,5,3,-2,3,3,0,0,0,0,1,3,2,0,0,0,0,0,0,1.575196540914476,1.3056997917592525,-0.26949674915522337
maritime_off,187,3,1,10,14,4,2,0,1,0,1.9243001248687506,1,1,0,10,10,0,14,12,-2,4,3,-1,2,3,1,0,2,2,1,0,-1,0,0,0,1.9243001248687506,2.4795834999531507,0.5552833750844002
maritime_off,188,0,0,9,9,3,2,1,1,0,1.3134641256183386,0,0,0,9,7,-2,9,6,-3,3,1,-2,2,3,1,1,2,1,1,0,-1,0,0,0,1.3134641256183386,1.5308425836265087,0.21737845800817013
maritime_off,189,1,0,4,5,3,0,3,0,0,1.2287559574469924,0,1,1,4,10,6,5,7,2,3,1,-2,0,4,4,3,2,-1,0,0,0,0,0,0,1.2287559574469924,2.1024149153381586,0.8736589578911662
maritime_off,190,2,0,6,7,5,0,2,0,0,1.657207541167736,0,0,0,6,6,0,7,9,2,5,5,0,0,0,0,2,5,3,0,0,0,0,0,0,1.657207541167736,1.5415532914921641,-0.11565424967557192
maritime_off,191,3,0,4,6,3,0,3,0,0,1.960062582977116,0,0,0,4,6,2,6,4,-2,3,1,-2,0,2,2,3,5,2,0,0,0,0,0,0,1.960062582977116,2.3446286246180534,0.38456604164093733
maritime_off,192,0,0,6,6,5,0,2,0,0,1.7352876653894782,0,1,1,6,10,4,6,14,8,5,4,-1,0,2,2,2,2,0,0,1,1,0,0,0,1.7352876653894782,2.1318067498505116,0.39651908446103334
maritime_off,193,1,0,6,15,5,0,4,0,0,2.2989174155518413,0,0,0,6,7,1,15,13,-2,5,5,0,0,0,0,4,7,3,0,1,1,0,0,0,2.2989174155518413,2.008872083388269,-0.2900453321635723
maritime_off,194,2,0,6,6,2,2,1,0,0,1.3112280005589128,0,0,0,6,7,1,6,7,1,2,4,2,2,1,-1,1,3,2,0,0,0,0,0,0,1.3112280005589128,1.430362457409501,0.11913445685058832
maritime_off,195,3,0,3,10,3,0,2,0,0,1.584342542104423,0,0,0,3,5,2,10,10,0,3,4,1,0,0,0,2,3,1,0,0,0,0,0,0,1.584342542104423,1.6693377094343305,0.08499516732990742
maritime_off,196,0,1,10,10,3,2,3,1,0,1.8095522075891495,1,0,-1,10,6,-4,10,7,-3,3,5,2,2,0,-2,3,3,0,1,0,-1,0,0,0,1.8095522075891495,0.9185995422303677,-0.8909526653587818
maritime_off,197,1,1,10,8,1,4,2,0,0,2.105105792172253,1,0,-1,10,7,-3,8,7,-1,1,3,2,4,2,-2,2,4,2,0,0,0,0,0,0,2.105105792172253,2.524879583157599,0.41977379098534584
maritime_off,198,2,0,5,11,5,0,0,0,0,1.7402001256123185,0,0,0,5,7,2,11,14,3,5,5,0,0,0,0,0,2,2,0,1,1,0,0,0,1.7402001256123185,2.204170750454068,0.46397062484174967
maritime_off,199,3,1,10,12,5,0,8,1,0,2.351353332400322,1,1,0,10,10,0,12,9,-3,5,4,-1,0,2,2,8,7,-1,1,0,-1,0,0,0,2.351353332400322,2.5966878328472376,0.24533450044691563
maritime_off,200,0,0,5,12,5,0,0,0,0,1.6591363744810224,0,0,0,5,8,3,12,11,-1,5,3,-2,0,2,2,0,3,3,0,0,0,0,0,0,1.6591363744810224,2.561781208962202,0.9026448344811797
maritime_off,201,1,0,9,15,5,0,7,1,0,1.9679566668346524,0,1,1,9,10,1,15,6,-9,5,1,-4,0,4,4,7,4,-3,1,0,-1,0,0,0,1.9679566668346524,1.4423911655321717,-0.5255655013024807
maritime_off,202,2,1,10,15,4,2,4,1,0,2.858851916156709,1,1,0,10,10,0,15,12,-3,4,4,0,2,2,0,4,5,1,1,1,0,0,0,0,2.858851916156709,2.8191634994000196,-0.03968841675668955
maritime_off,203,3,1,10,10,4,3,2,0,0,1.843013166449964,1,1,0,10,10,0,10,13,3,4,3,-1,3,3,0,2,3,1,0,0,0,0,0,0,1.843013166449964,2.4067240403965116,0.5637108739465475
maritime_off,204,0,1,10,10,5,1,4,1,0,1.1581871677190065,1,1,0,10,10,0,10,12,2,5,5,0,1,1,0,4,4,0,1,1,0,0,0,0,1.1581871677190065,1.2386492909863591,0.08046212326735258
maritime_off,205,1,0,7,13,5,0,2,1,0,1.4667140422388911,0,1,1,7,10,3,13,10,-3,5,5,0,0,1,1,2,1,-1,1,1,0,0,0,0,1.4667140422388911,1.4694457091391087,0.002731666900217533
maritime_off,206,2,1,10,13,4,1,7,1,0,2.4365798328071833,1,1,0,10,10,0,13,14,1,4,1,-3,1,3,2,7,3,-4,1,1,0,0,0,0,2.4365798328071833,2.3110945001244545,-0.12548533268272877
maritime_off,207,3,0,6,8,5,0,5,0,0,2.021949124522507,0,0,0,6,8,2,8,9,1,5,5,0,0,1,1,5,8,3,0,0,0,0,0,0,2.021949124522507,2.6080160411074758,0.5860669165849686
maritime_off,208,0,0,5,11,5,0,3,0,0,1.88105783239007,0,0,0,5,7,2,11,11,0,5,3,-2,0,2,2,3,2,-1,0,0,0,0,0,0,1.88105783239007,1.9222029577940702,0.04114512540400028
maritime_off,209,1,0,4,5,1,1,3,0,0,1.309551709331572,0,0,0,4,7,3,5,9,4,1,1,0,1,2,1,3,3,0,0,0,0,0,0,0,1.309551709331572,2.2988999588415027,0.9893482495099306
maritime_off,210,2,0,7,10,5,1,3,0,0,1.9168251659721136,0,0,0,7,9,2,10,7,-3,5,2,-3,1,3,2,3,1,-2,0,0,0,0,0,0,1.9168251659721136,1.8864247919991612,-0.030400373972952366
maritime_off,211,3,0,5,7,4,0,3,0,0,1.932364959269762,0,0,0,5,5,0,7,3,-4,4,3,-1,0,0,0,3,8,5,0,0,0,0,0,0,1.932364959269762,1.8452727077528834,-0.0870922515168786
maritime_off,212,0,0,8,13,4,2,5,0,0,2.701509917154908,0,0,0,8,5,-3,13,4,-9,4,3,-1,2,1,-1,5,5,0,0,0,0,0,0,0,2.701509917154908,1.0234821671620011,-1.678027749992907
maritime_off,213,1,0,5,7,2,1,4,0,0,2.091198083013296,0,0,0,5,8,3,7,10,3,2,4,2,1,1,0,4,5,1,0,0,0,0,0,0,2.091198083013296,2.193481832742691,0.10228374972939491
maritime_off,214,2,0,5,8,5,0,3,0,0,1.7093933327123523,0,0,0,5,7,2,8,8,0,5,5,0,0,1,1,3,2,-1,0,0,0,0,0,0,1.7093933327123523,1.5444309171289206,-0.16496241558343172
maritime_off,215,3,0,7,15,5,0,1,1,0,2.1111317919567227,0,0,0,7,5,-2,15,7,-8,5,5,0,0,0,0,1,3,2,1,0,-1,0,0,0,2.1111317919567227,1.2952394587919116,-0.8158923331648111
maritime_off,216,0,0,8,11,4,2,3,0,0,1.596348250284791,0,0,0,8,8,0,11,11,0,4,5,1,2,1,-1,3,5,2,0,0,0,0,0,0,1.596348250284791,1.6250886665657163,0.028740416280925274
maritime_off,217,1,0,6,9,4,1,2,0,0,1.8875435823574662,0,0,0,6,6,0,9,7,-2,4,4,0,1,1,0,2,2,0,0,0,0,0,0,0,1.8875435823574662,1.5661894157528877,-0.3213541666045785
maritime_off,218,2,0,8,10,0,4,1,0,0,2.021780291572213,0,1,1,8,10,2,10,6,-4,0,1,1,4,4,0,1,7,6,0,0,0,0,0,0,2.021780291572213,1.90285237506032,-0.11892791651189327
maritime_off,219,3,0,7,13,0,3,2,0,0,2.0842558331787586,0,1,1,7,10,3,13,7,-6,0,1,1,3,4,1,2,5,3,0,0,0,0,0,0,2.0842558331787586,1.723976374603808,-0.3602794585749507
maritime_off,220,0,0,8,6,2,3,3,0,0,1.5417069597169757,0,0,0,8,9,1,6,8,2,2,4,2,3,2,-1,3,5,2,0,0,0,0,0,0,1.5417069597169757,2.4563725823536515,0.9146656226366758
maritime_off,221,1,0,8,10,4,2,0,0,0,1.3053330425173044,0,0,0,8,8,0,10,10,0,4,4,0,2,2,0,0,0,0,0,0,0,0,0,0,1.3053330425173044,1.4639832498505712,0.15865020733326674
maritime_off,222,2,0,6,10,5,0,3,0,0,1.8216743329539895,0,1,1,6,10,4,10,7,-3,5,1,-4,0,3,3,3,6,3,0,0,0,0,0,0,1.8216743329539895,1.7439750423654914,-0.07769929058849812
maritime_off,223,3,0,7,12,5,0,0,1,0,2.5243649585172534,0,0,0,7,7,0,12,13,1,5,5,0,0,0,0,0,2,2,1,1,0,0,0,0,2.5243649585172534,2.008667749352753,-0.5156972091645002
maritime_off,224,0,0,7,15,4,1,3,0,0,2.2310483334586024,0,1,1,7,11,4,15,15,0,4,3,-1,1,3,2,3,3,0,0,1,1,0,0,0,2.2310483334586024,2.3546760827302933,0.12362774927169085
maritime_off,225,1,1,10,8,3,3,3,0,0,1.3535310002043843,1,1,0,10,10,0,8,8,0,3,3,0,3,2,-1,3,6,3,0,0,0,0,0,0,1.3535310002043843,1.343710208311677,-0.009820791892707348
maritime_off,226,2,0,7,11,4,1,4,0,0,1.8086102083325386,0,1,1,7,10,3,11,8,-3,4,3,-1,1,2,1,4,5,1,0,0,0,0,0,0,1.8086102083325386,1.4602900007739663,-0.3483202075585723
maritime_off,227,3,0,4,2,1,1,6,0,0,1.4180315835401416,0,0,0,4,6,2,2,3,1,1,3,2,1,0,-1,6,7,1,0,0,0,0,0,0,1.4180315835401416,1.6606495846062899,0.24261800106614828
maritime_off,228,0,0,8,14,4,1,2,1,0,2.5106905410066247,0,1,1,8,10,2,14,12,-2,4,5,1,1,1,0,2,6,4,1,1,0,0,0,0,2.5106905410066247,2.757602416910231,0.24691187590360641
maritime_off,229,1,0,5,9,5,0,5,0,0,1.5266332905739546,0,0,0,5,9,4,9,7,-2,5,3,-2,0,2,2,5,6,1,0,0,0,0,0,0,1.5266332905739546,2.142355834133923,0.6157225435599685
maritime_off,230,2,0,6,11,3,1,2,0,0,1.167567666620016,0,0,0,6,4,-2,11,6,-5,3,4,1,1,0,-1,2,3,1,0,0,0,0,0,0,1.167567666620016,1.07053295802325,-0.097034708596766
maritime_off,231,3,0,4,7,4,0,2,0,0,1.4878629576414824,0,1,1,4,10,6,7,10,3,4,5,1,0,2,2,2,2,0,0,0,0,0,0,0,1.4878629576414824,2.5108916256576777,1.0230286680161953
maritime_off,232,0,1,10,10,4,2,4,0,0,1.7851673336699605,1,1,0,10,10,0,10,9,-1,4,3,-1,2,3,1,4,3,-1,0,0,0,0,0,0,1.7851673336699605,2.158742167055607,0.37357483338564634
maritime_off,233,1,1,10,11,3,3,7,0,0,2.0810034591704607,1,1,0,10,10,0,11,7,-4,3,1,-2,3,4,1,7,3,-4,0,0,0,0,0,0,2.0810034591704607,1.6676789997145534,-0.41332445945590734
maritime_off,234,2,1,10,15,4,2,2,1,0,1.5330353751778603,1,1,0,10,11,1,15,10,-5,4,3,-1,2,3,1,2,0,-2,1,1,0,0,0,0,1.5330353751778603,1.7734385002404451,0.24040312506258488
maritime_off,235,3,0,6,9,4,1,1,0,0,1.874979667365551,0,0,0,6,7,1,9,7,-2,4,5,1,1,0,-1,1,5,4,0,0,0,0,0,0,1.874979667365551,2.188240082934499,0.3132604155689478
maritime_off,236,0,1,10,7,1,4,4,0,0,1.6616411246359348,1,0,-1,10,8,-2,7,6,-1,1,3,2,4,2,-2,4,5,1,0,0,0,0,0,0,1.6616411246359348,1.5249001253396273,-0.13674099929630756
maritime_off,237,1,0,9,15,5,0,2,1,0,2.490674833767116,0,0,0,9,8,-1,15,10,-5,5,4,-1,0,1,1,2,4,2,1,0,-1,0,0,0,2.490674833767116,2.7495201658457518,0.2588453320786357
maritime_off,238,2,0,9,12,5,0,4,1,0,1.7206392083317041,0,1,1,9,10,1,12,10,-2,5,4,-1,0,1,1,4,6,2,1,1,0,0,0,0,1.7206392083317041,1.7205764995887876,-6.270874291658401e-05
maritime_off,239,3,1,10,7,3,3,6,0,0,1.3381062922999263,1,1,0,10,10,0,7,9,2,3,4,1,3,2,-1,6,8,2,0,0,0,0,0,0,1.3381062922999263,1.7604548754170537,0.4223485831171274
maritime_off,240,0,1,10,14,4,2,4,1,0,1.892391374334693,1,1,0,10,10,0,14,8,-6,4,3,-1,2,2,0,4,7,3,1,0,-1,0,0,0,1.892391374334693,1.792336167767644,-0.10005520656704903
maritime_off,241,1,0,7,9,3,2,2,0,0,2.154322000220418,0,0,0,7,6,-1,9,10,1,3,5,2,2,0,-2,2,5,3,0,0,0,0,0,0,2.154322000220418,2.3406180841848254,0.18629608396440744
maritime_off,242,2,1,10,12,5,2,3,0,0,2.4805950419977307,1,1,0,10,10,0,12,11,-1,5,5,0,2,2,0,3,5,2,0,0,0,0,0,0,2.4805950419977307,2.1196906669065356,-0.3609043750911951
maritime_off,243,3,0,8,12,4,1,1,1,0,2.2951852083206177,0,1,1,8,10,2,12,8,-4,4,2,-2,1,3,2,1,4,3,1,0,-1,0,0,0,2.2951852083206177,1.9877192080020905,-0.3074660003185272
maritime_off,244,0,0,9,8,3,2,4,0,0,1.8677778337150812,0,0,0,9,9,0,8,4,-4,3,0,-3,2,4,2,4,3,-1,0,0,0,0,0,0,1.8677778337150812,1.3918284587562084,-0.4759493749588728
maritime_off,245,1,0,8,10,4,2,3,0,0,2.3591682920232415,0,1,1,8,10,2,10,11,1,4,5,1,2,2,0,3,3,0,0,0,0,0,0,0,2.3591682920232415,2.1731950836256146,-0.18597320839762688
maritime_off,246,2,0,4,4,0,2,0,0,0,0.9671400832012296,0,1,1,4,10,6,4,11,7,0,5,5,2,2,0,0,4,4,0,0,0,0,0,0,0.9671400832012296,2.82915220875293,1.8620121255517006
maritime_off,247,3,1,10,15,5,1,1,1,0,2.7415745425969362,1,0,-1,10,9,-1,15,13,-2,5,5,0,1,2,1,1,1,0,1,0,-1,0,0,0,2.7415745425969362,2.816742124967277,0.07516758237034082
maritime_off,248,0,0,8,10,0,3,5,0,0,2.20640791580081,0,1,1,8,10,2,10,9,-1,0,2,2,3,3,0,5,0,-5,0,1,1,0,0,0,2.20640791580081,1.1956961248070002,-1.0107117909938097
maritime_off,249,1,0,7,8,5,1,3,0,0,1.4323342498391867,0,0,0,7,5,-2,8,4,-4,5,3,-2,1,1,0,3,7,4,0,0,0,0,0,0,1.4323342498391867,1.9023985834792256,0.47006433364003897
maritime_off,250,2,1,10,13,4,2,2,1,0,1.9163063326850533,1,0,-1,10,9,-1,13,8,-5,4,2,-2,2,3,1,2,3,1,1,0,-1,0,0,0,1.9163063326850533,2.09111849963665,0.17481216695159674
maritime_off,251,3,0,5,5,4,0,3,0,0,2.3062793342396617,0,0,0,5,8,3,5,9,4,4,4,0,0,1,1,3,7,4,0,0,0,0,0,0,2.3062793342396617,3.0494085419923067,0.743129207752645
maritime_off,252,0,0,9,3,0,3,4,0,0,2.178997166454792,0,0,0,9,7,-2,3,3,0,0,1,1,3,2,-1,4,7,3,0,0,0,0,0,0,2.178997166454792,1.7929471675306559,-0.38604999892413616
maritime_off,253,1,0,5,9,3,1,2,0,0,1.3069603322073817,0,0,0,5,3,-2,9,9,0,3,1,-2,1,1,0,2,4,2,0,0,0,0,0,0,1.3069603322073817,1.3764268327504396,0.06946650054305792
maritime_off,254,2,0,8,15,0,3,0,1,0,2.224204458296299,0,0,0,8,8,0,15,8,-7,0,2,2,3,3,0,0,1,1,1,0,-1,0,0,0,2.224204458296299,2.4332187082618475,0.20901424996554852
maritime_off,255,3,0,5,6,5,0,2,0,0,1.3610562086105347,0,0,0,5,9,4,6,8,2,5,4,-1,0,2,2,2,5,3,0,0,0,0,0,0,1.3610562086105347,2.0891099171712995,0.7280537085607648
maritime_off,256,0,1,10,12,3,2,3,1,0,1.6530477097257972,1,1,0,10,10,0,12,14,2,3,5,2,2,1,-1,3,4,1,1,1,0,0,0,0,1.6530477097257972,2.0139150405302644,0.3608673308044672
maritime_off,257,1,1,10,9,1,4,3,0,0,1.4411272499710321,1,1,0,10,10,0,9,7,-2,1,2,1,4,4,0,3,2,-1,0,0,0,0,0,0,1.4411272499710321,1.1833694176748395,-0.25775783229619265
maritime_off,258,2,0,6,8,5,0,3,0,0,1.4387350408360362,0,1,1,6,10,4,8,10,2,5,3,-2,0,3,3,3,4,1,0,0,0,0,0,0,1.4387350408360362,2.4695277903229,1.0307927494868636
maritime_off,259,3,0,5,2,0,2,4,0,0,2.343469583429396,0,1,1,5,10,5,2,8,6,0,3,3,2,3,1,4,2,-2,0,0,0,0,0,0,2.343469583429396,2.1207574168220162,-0.2227121666073799
maritime_off,260,0,0,8,5,1,3,5,0,0,1.7805311251431704,0,0,0,8,6,-2,5,8,3,1,4,3,3,1,-2,5,3,-2,0,0,0,0,0,0,1.7805311251431704,1.821992333047092,0.041461207903921604
maritime_off,261,1,0,5,7,5,0,0,0,0,0.8844721671193838,0,0,0,5,4,-1,7,8,1,5,4,-1,0,0,0,0,0,0,0,0,0,0,0,0,0.8844721671193838,0.8614922501146793,-0.022979917004704475
maritime_off,262,2,1,10,8,3,3,2,0,0,1.6393395829945803,1,0,-1,10,7,-3,8,4,-4,3,1,-2,3,3,0,2,3,1,0,0,0,0,0,0,1.6393395829945803,2.1131839165464044,0.4738443335518241
maritime_off,263,3,0,6,9,5,0,3,0,0,1.8689062912017107,0,0,0,6,5,-1,9,4,-5,5,2,-3,0,1,1,3,4,1,0,0,0,0,0,0,1.8689062912017107,1.3164596669375896,-0.5524466242641211
maritime_off,264,0,0,9,14,4,1,3,1,0,2.1765395421534777,0,0,0,9,6,-3,14,11,-3,4,5,1,1,0,-1,3,6,3,1,0,-1,0,0,0,2.1765395421534777,2.719572000205517,0.5430324580520391
maritime_off,265,1,0,6,8,5,0,3,0,0,1.3351300824433565,0,0,0,6,9,3,8,14,6,5,5,0,0,1,1,3,2,-1,0,1,1,0,0,0,1.3351300824433565,1.9530388740822673,0.6179087916389108
maritime_off,266,2,0,5,10,5,0,0,0,0,1.7444447493180633,0,0,0,5,9,4,10,13,3,5,4,-1,0,2,2,0,4,4,0,0,0,0,0,0,1.7444447493180633,2.7090447079390287,0.9645999586209655
maritime_off,267,3,0,8,10,5,1,4,0,0,1.7949774591252208,0,1,1,8,10,2,10,8,-2,5,4,-1,1,1,0,4,2,-2,0,1,1,0,0,0,1.7949774591252208,1.135058667510748,-0.6599187916144729
maritime_off,268,0,0,7,9,4,1,6,0,0,2.029688292182982,0,0,0,7,8,1,9,9,0,4,3,-1,1,2,1,6,4,-2,0,0,0,0,0,0,2.029688292182982,2.3306177081540227,0.3009294159710407
maritime_off,269,1,0,7,7,3,1,5,0,0,1.9946553753688931,0,0,0,7,7,0,7,7,0,3,3,0,1,1,0,5,5,0,0,0,0,0,0,0,1.9946553753688931,2.1057676672935486,0.11111229192465544
maritime_off,270,2,0,8,15,5,0,4,1,0,2.4264839589595795,0,1,1,8,10,2,15,15,0,5,4,-1,0,2,2,4,3,-1,1,1,0,0,0,0,2.4264839589595795,2.646866999566555,0.22038304060697556
maritime_off,271,3,0,6,9,5,0,1,0,0,2.4451399175450206,0,1,1,6,10,4,9,12,3,5,5,0,0,1,1,1,3,2,0,1,1,0,0,0,2.4451399175450206,2.6834259582683444,0.23828604072332382
maritime_off,272,0,0,7,6,2,2,4,0,0,1.483755792491138,0,0,0,7,9,2,6,8,2,2,2,0,2,3,1,4,4,0,0,0,0,0,0,0,1.483755792491138,2.2025664169341326,0.7188106244429946
maritime_off,273,1,1,10,10,5,0,4,1,0,1.5658574160188437,1,0,-1,10,9,-1,10,15,5,5,5,0,0,1,1,4,2,-2,1,1,0,0,0,0,1.5658574160188437,2.4697963325306773,0.9039389165118337
maritime_off,274,2,0,6,8,4,1,2,0,0,2.0062650833278894,0,0,0,6,9,3,8,9,1,4,5,1,1,2,1,2,1,-1,0,0,0,0,0,0,2.0062650833278894,1.9572912501171231,-0.048973833210766315
maritime_off,275,3,0,8,8,5,1,3,0,0,1.4798084581270814,0,0,0,8,9,1,8,8,0,5,3,-2,1,2,1,3,3,0,0,0,0,0,0,0,1.4798084581270814,1.6451450837776065,0.1653366256505251
maritime_off,276,0,0,9,15,5,1,4,0,0,2.3897492913529277,0,1,1,9,10,1,15,9,-6,5,5,0,1,1,0,4,5,1,0,0,0,0,0,0,2.3897492913529277,1.4325919589027762,-0.9571573324501514
maritime_off,277,1,0,7,15,5,0,2,1,0,1.7249271674081683,0,0,0,7,8,1,15,13,-2,5,5,0,0,0,0,2,3,1,1,1,0,0,0,0,1.7249271674081683,2.4066464165225625,0.6817192491143942
maritime_off,278,2,0,7,8,5,1,2,0,0,1.9707635836675763,0,0,0,7,9,2,8,4,-4,5,0,-5,1,4,3,2,6,4,0,0,0,0,0,0,1.9707635836675763,2.101197292096913,0.13043370842933655
maritime_off,279,3,1,10,11,3,3,4,0,0,2.4046615827828646,1,0,-1,10,8,-2,11,10,-1,3,5,2,3,1,-2,4,6,2,0,0,0,0,0,0,2.4046615827828646,2.6054692491889,0.20080766640603542
maritime_off,280,0,0,7,15,5,0,5,1,0,2.0715846670791507,0,0,0,7,6,-1,15,6,-9,5,3,-2,0,1,1,5,3,-2,1,0,-1,0,0,0,2.0715846670791507,1.079620917327702,-0.9919637497514486
maritime_off,281,1,0,6,13,4,1,2,0,0,2.4167357496917248,0,1,1,6,10,4,13,8,-5,4,2,-2,1,3,2,2,6,4,0,0,0,0,0,0,2.4167357496917248,2.4128289576619864,-0.003906792029738426
maritime_off,282,2,0,6,8,4,0,0,1,0,1.357532124966383,0,1,1,6,10,4,8,7,-1,4,1,-3,0,4,4,0,3,3,1,0,-1,0,0,0,1.357532124966383,1.8127759164199233,0.4552437914535403
maritime_off,283,3,1,10,5,2,3,5,0,0,1.184652917087078,1,0,-1,10,7,-3,5,7,2,2,2,0,3,2,-1,5,3,-2,0,0,0,0,0,0,1.184652917087078,1.4010264165699482,0.2163734994828701
maritime_off,284,0,0,8,6,4,1,4,0,0,1.5083276657387614,0,0,0,8,6,-2,6,6,0,4,2,-2,1,2,1,4,1,-3,0,0,0,0,0,0,1.5083276657387614,1.299422750249505,-0.20890491548925638
maritime_off,285,1,0,5,3,1,2,3,0,0,1.5135529171675444,0,0,0,5,4,-1,3,3,0,1,2,1,2,1,-1,3,2,-1,0,0,0,0,0,0,1.5135529171675444,1.2790865004062653,-0.2344664167612791
maritime_off,286,2,0,7,15,3,1,2,1,0,1.92716808244586,0,1,1,7,10,3,15,14,-1,3,4,1,1,2,1,2,3,1,1,1,0,0,0,0,1.92716808244586,3.2206061659380794,1.2934380834922194
maritime_off,287,3,0,4,5,4,0,3,0,0,1.6338682919740677,0,1,1,4,10,6,5,9,4,4,2,-2,0,3,3,3,3,0,0,1,1,0,0,0,1.6338682919740677,2.2762037916108966,0.6423354996368289
maritime_off,288,0,0,7,10,3,2,4,0,0,1.7389865005388856,0,0,0,7,3,-4,10,3,-7,3,3,0,2,0,-2,4,5,1,0,0,0,0,0,0,1.7389865005388856,1.5192093746736646,-0.21977712586522102
maritime_off,289,1,0,7,11,3,2,2,0,0,1.8373770006000996,0,1,1,7,10,3,11,13,2,3,3,0,2,3,1,2,4,2,0,0,0,0,0,0,1.8373770006000996,3.159106290899217,1.3217292902991176
maritime_off,290,2,0,4,6,4,0,2,0,0,1.7176805837079883,0,0,0,4,7,3,6,10,4,4,3,-1,0,1,1,2,5,3,0,1,1,0,0,0,1.7176805837079883,1.644628374837339,-0.07305220887064934
maritime_off,291,3,0,6,8,4,1,3,0,0,1.5470825415104628,0,0,0,6,8,2,8,9,1,4,3,-1,1,2,1,3,5,2,0,0,0,0,0,0,1.5470825415104628,2.7017289586365223,1.1546464171260595
maritime_off,292,0,0,6,8,2,1,6,0,0,2.1340925842523575,0,0,0,6,8,2,8,8,0,2,1,-1,1,3,2,6,7,1,0,0,0,0,0,0,2.1340925842523575,2.1502624163404107,0.016169832088053226
maritime_off,293,1,0,9,15,4,2,2,0,0,2.070198291912675,0,0,0,9,9,0,15,12,-3,4,5,1,2,1,-1,2,0,-2,0,1,1,0,0,0,2.070198291912675,1.9982971251010895,-0.07190116681158543
maritime_off,294,2,0,6,10,3,1,4,0,0,2.3515208335593343,0,0,0,6,8,2,10,10,0,3,1,-2,1,3,2,4,4,0,0,0,0,0,0,0,2.3515208335593343,2.2993795415386558,-0.05214129202067852
maritime_off,295,3,1,10,13,4,2,3,1,0,2.627670457586646,1,0,-1,10,6,-4,13,9,-4,4,4,0,2,1,-1,3,6,3,1,0,-1,0,0,0,2.627670457586646,2.2280425000935793,-0.3996279574930668
maritime_off,296,0,1,10,8,2,4,4,0,0,1.6656641252338886,1,1,0,10,10,0,8,6,-2,2,2,0,4,3,-1,4,4,0,0,0,0,0,0,0,1.6656641252338886,1.172306208871305,-0.49335791636258364
maritime_off,297,1,1,11,13,2,3,1,1,0,2.1836622077971697,1,1,0,11,10,-1,13,12,-1,2,4,2,3,2,-1,1,9,8,1,0,-1,0,0,0,2.1836622077971697,3.9334785835817456,1.749816375784576
maritime_off,298,2,0,5,4,3,1,3,0,0,0.9416792495176196,0,0,0,5,9,4,4,9,5,3,1,-2,1,4,3,3,6,3,0,0,0,0,0,0,0.9416792495176196,1.7939189579337835,0.8522397084161639
maritime_off,299,3,0,5,7,4,0,1,0,0,1.1725106667727232,0,0,0,5,8,3,7,12,5,4,5,1,0,1,1,1,2,1,0,0,0,0,0,0,1.1725106667727232,2.1141622504219413,0.9416515836492181
maritime_off,300,0,0,8,7,1,3,4,0,0,1.359904875047505,0,0,0,8,9,1,7,5,-2,1,1,0,3,3,0,4,5,1,0,0,0,0,0,0,1.359904875047505,1.6907401662319899,0.33083529118448496
maritime_off,301,1,0,5,14,5,0,0,0,0,2.36894129216671,0,0,0,5,5,0,14,12,-2,5,5,0,0,0,0,0,0,0,0,0,0,0,0,0,2.36894129216671,2.2964716255664825,-0.07246966660022736
maritime_off,302,2,0,6,9,5,0,3,0,0,2.2302106665447354,0,0,0,6,5,-1,9,4,-5,5,4,-1,0,0,0,3,4,1,0,0,0,0,0,0,2.2302106665447354,1.5914654172956944,-0.6387452492490411
maritime_off,303,3,0,8,13,5,0,2,1,0,2.7193745421245694,0,1,1,8,10,2,13,9,-4,5,2,-3,0,3,3,2,2,0,1,1,0,0,0,0,2.7193745421245694,1.5906481258571148,-1.1287264162674546
maritime_off,304,0,0,7,15,5,0,3,1,0,2.4661287497729063,0,1,1,7,11,4,15,12,-3,5,5,0,0,0,0,3,7,4,1,1,0,0,0,0,2.4661287497729063,2.2125633331015706,-0.2535654166713357
maritime_off,305,1,0,5,7,3,1,4,0,0,1.7532110000029206,0,1,1,5,10,5,7,9,2,3,2,-1,1,3,2,4,5,1,0,0,0,0,0,0,1.7532110000029206,1.8784679574891925,0.12525695748627186
maritime_off,306,2,0,6,11,5,0,6,0,0,1.53199362475425,0,0,0,6,7,1,11,7,-4,5,5,0,0,0,0,6,7,1,0,0,0,0,0,0,1.53199362475425,1.6651765834540129,0.13318295869976282
maritime_off,307,3,0,5,10,4,0,2,0,0,2.6927339173853397,0,1,1,5,10,5,10,10,0,4,4,0,0,1,1,2,5,3,0,1,1,0,0,0,2.6927339173853397,2.4421264166012406,-0.2506075007840991
maritime_off,308,0,0,8,9,5,0,5,0,0,1.9790227096527815,0,1,1,8,10,2,9,14,5,5,1,-4,0,3,3,5,2,-3,0,1,1,0,0,0,1.9790227096527815,2.799361708573997,0.8203389989212155
maritime_off,309,1,0,9,11,3,3,4,0,0,1.697283792309463,0,1,1,9,10,1,11,13,2,3,3,0,3,2,-1,4,5,1,0,1,1,0,0,0,1.697283792309463,2.2714956663548946,0.5742118740454316
maritime_off,310,2,1,10,8,0,4,8,0,0,1.6050603743642569,1,0,-1,10,9,-1,8,7,-1,0,0,0,4,4,0,8,7,-1,0,0,0,0,0,0,1.6050603743642569,2.368872832506895,0.7638124581426382
maritime_off,311,3,0,4,2,0,2,3,0,0,1.4572468334808946,0,0,0,4,7,3,2,6,4,0,0,0,2,3,1,3,3,0,0,0,0,0,0,0,1.4572468334808946,2.385185958817601,0.9279391253367066
maritime_off,312,0,0,9,14,2,2,4,1,0,1.7657446656376123,0,0,0,9,5,-4,14,7,-7,2,4,2,2,0,-2,4,2,-2,1,0,-1,0,0,0,1.7657446656376123,0.7925420831888914,-0.9732025824487209
maritime_off,313,1,0,3,2,2,0,4,0,0,1.361089457757771,0,0,0,3,6,3,2,2,0,2,0,-2,0,2,2,4,8,4,0,0,0,0,0,0,1.361089457757771,1.3047645827755332,-0.056324874982237816
maritime_off,314,2,1,10,11,2,4,2,0,0,2.1735677924007177,1,0,-1,10,7,-3,11,11,0,2,5,3,4,0,-4,2,7,5,0,1,1,0,0,0,2.1735677924007177,1.8777469163760543,-0.29582087602466345
maritime_off,315,3,0,7,15,5,0,0,1,0,1.8765912922099233,0,1,1,7,10,3,15,13,-2,5,4,-1,0,2,2,0,2,2,1,1,0,0,0,0,1.8765912922099233,2.491473166272044,0.6148818740621209
maritime_off,316,0,1,10,6,3,2,7,0,0,1.3233673330396414,1,1,0,10,10,0,6,10,4,3,2,-1,2,3,1,7,3,-4,0,1,1,0,0,0,1.3233673330396414,1.5324993338435888,0.20913200080394745
maritime_off,317,1,0,8,10,5,1,4,0,0,2.2384716253727674,0,0,0,8,8,0,10,6,-4,5,2,-3,1,3,2,4,5,1,0,0,0,0,0,0,2.2384716253727674,1.5697137508541346,-0.6687578745186329
maritime_off,318,2,0,2,3,2,0,0,0,0,1.7345165004953742,0,0,0,2,3,1,3,4,1,2,2,0,0,0,0,0,4,4,0,0,0,0,0,0,1.7345165004953742,1.2830989165231586,-0.45141758397221565
maritime_off,319,3,0,7,15,5,0,3,0,0,2.0630320822820067,0,0,0,7,6,-1,15,15,0,5,5,0,0,0,0,3,4,1,0,0,0,0,0,0,2.0630320822820067,2.0874157920479774,0.024383709765970707
maritime_off,320,0,1,11,10,3,2,3,1,0,1.272452125325799,1,1,0,11,10,-1,10,9,-1,3,4,1,2,1,-1,3,7,4,1,1,0,0,0,0,1.272452125325799,1.8132412917912006,0.5407891664654016
maritime_off,321,1,0,8,14,4,0,4,1,0,1.9652261668816209,0,0,0,8,9,1,14,9,-5,4,5,1,0,1,1,4,4,0,1,0,-1,0,0,0,1.9652261668816209,1.6305792918428779,-0.334646875038743
maritime_off,322,2,0,9,15,5,1,6,1,0,2.377971541136503,0,1,1,9,10,1,15,15,0,5,5,0,1,1,0,6,6,0,1,0,-1,0,0,0,2.377971541136503,3.081374083645642,0.7034025425091386
maritime_off,323,3,1,10,10,5,1,2,1,0,1.0578729575499892,1,1,0,10,10,0,10,9,-1,5,4,-1,1,1,0,2,4,2,1,1,0,0,0,0,1.0578729575499892,1.4804637916386127,0.4225908340886235
maritime_off,324,0,0,9,14,4,1,7,1,0,2.029408624395728,0,1,1,9,10,1,14,10,-4,4,3,-1,1,2,1,7,4,-3,1,1,0,0,0,0,2.029408624395728,1.696501249447465,-0.33290737494826317
maritime_off,325,1,0,7,3,2,1,7,0,0,1.0079204170033336,0,1,1,7,10,3,3,12,9,2,4,2,1,2,1,7,2,-5,0,1,1,0,0,0,1.0079204170033336,2.283221624791622,1.2753012077882886
maritime_off,326,2,0,9,15,5,1,0,1,0,2.7395535418763757,0,1,1,9,10,1,15,9,-6,5,5,0,1,1,0,0,2,2,1,1,0,0,0,0,2.7395535418763757,1.4486826658248901,-1.2908708760514855
maritime_off,327,3,1,10,10,1,4,7,0,0,2.1688639586791396,1,0,-1,10,6,-4,10,8,-2,1,0,-1,4,3,-1,7,4,-3,0,0,0,0,0,0,2.1688639586791396,1.8450068328529596,-0.32385712582618
maritime_off,328,0,0,4,6,4,0,5,0,0,1.8140571666881442,0,0,0,4,3,-1,6,7,1,4,3,-1,0,0,0,5,4,-1,0,0,0,0,0,0,1.8140571666881442,1.3255696669220924,-0.48848749976605177
maritime_off,329,1,0,3,2,1,1,5,0,0,1.2227216251194477,0,0,0,3,3,0,2,4,2,1,3,2,1,0,-1,5,6,1,0,0,0,0,0,0,1.2227216251194477,2.569233415648341,1.3465117905288935
maritime_off,330,2,0,4,2,1,1,3,0,0,1.0394555823877454,0,0,0,4,4,0,2,2,0,1,2,1,1,0,-1,3,6,3,0,0,0,0,0,0,1.0394555823877454,1.6198883755132556,0.5804327931255102
maritime_off,331,3,0,8,10,2,3,1,0,0,2.3064816249534488,0,1,1,8,10,2,10,10,0,2,3,1,3,3,0,1,2,1,0,0,0,0,0,0,2.3064816249534488,2.134867957793176,-0.1716136671602726
maritime_off,332,0,0,8,10,1,3,6,0,0,1.9137709168717265,0,1,1,8,10,2,10,10,0,1,4,3,3,2,-1,6,10,4,0,0,0,0,0,0,1.9137709168717265,2.1655886666849256,0.25181774981319904
maritime_off,333,1,1,10,14,2,2,3,1,0,1.9540085829794407,1,1,0,10,10,0,14,14,0,2,1,-1,2,3,1,3,1,-2,1,1,0,0,0,0,1.9540085829794407,2.1687903748825192,0.21478179190307856
maritime_off,334,2,1,10,13,4,2,1,1,0,1.8469791673123837,1,0,-1,10,8,-2,13,8,-5,4,3,-1,2,2,0,1,4,3,1,0,-1,0,0,0,1.8469791673123837,2.141179791651666,0.2942006243392825
maritime_off,335,3,1,10,9,4,2,0,1,0,1.2963990001007915,1,1,0,10,10,0,9,7,-2,4,4,0,2,1,-1,0,5,5,1,1,0,0,0,0,1.2963990001007915,1.3377049174159765,0.04130591731518507
maritime_off,336,0,1,10,12,5,1,1,1,0,2.4031199160963297,1,1,0,10,10,0,12,12,0,5,5,0,1,1,0,1,3,2,1,1,0,0,0,0,2.4031199160963297,2.1856821663677692,-0.21743774972856045
maritime_off,337,1,0,7,7,3,2,5,0,0,1.8026145827025175,0,1,1,7,10,3,7,9,2,3,2,-1,2,4,2,5,5,0,0,0,0,0,0,0,1.8026145827025175,1.783028875477612,-0.01958570722490549
maritime_off,338,2,0,9,15,5,0,3,1,0,2.423867791891098,0,1,1,9,11,2,15,14,-1,5,2,-3,0,3,3,3,3,0,1,1,0,0,0,0,2.423867791891098,2.808731334283948,0.3848635423928499
maritime_off,339,3,1,10,11,2,4,1,0,0,1.370489957742393,1,0,-1,10,9,-1,11,8,-3,2,1,-1,4,4,0,1,3,2,0,0,0,0,0,0,1.370489957742393,2.7228932082653046,1.3524032505229115
maritime_off,340,0,0,4,4,3,0,4,0,0,1.8691124161705375,0,1,1,4,10,6,4,6,2,3,0,-3,0,4,4,4,2,-2,0,0,0,0,0,0,1.8691124161705375,1.2804169580340385,-0.5886954581364989
maritime_off,341,1,1,10,11,3,2,6,1,0,1.4977205004543066,1,1,0,10,10,0,11,7,-4,3,3,0,2,1,-1,6,4,-2,1,1,0,0,0,0,1.4977205004543066,0.7823253748938441,-0.7153951255604625
maritime_off,342,2,0,6,7,2,1,4,0,0,1.258312040939927,0,1,1,6,10,4,7,9,2,2,2,0,1,3,2,4,3,-1,0,1,1,0,0,0,1.258312040939927,1.6419001249596477,0.38358808401972055
maritime_off,343,3,1,10,9,2,3,2,1,0,1.2983177499845624,1,1,0,10,10,0,9,11,2,2,4,2,3,2,-1,2,3,1,1,1,0,0,0,0,1.2983177499845624,1.4039377914741635,0.10562004148960114
maritime_off,344,0,1,10,10,0,4,3,0,0,2.322096874937415,1,1,0,10,10,0,10,5,-5,0,1,1,4,3,-1,3,5,2,0,0,0,0,0,0,2.322096874937415,1.42668766528368,-0.8954092096537352
maritime_off,345,1,0,3,5,2,0,4,0,0,2.021545291878283,0,0,0,3,5,2,5,3,-2,2,0,-2,0,2,2,4,5,1,0,0,0,0,0,0,2.021545291878283,1.1942371670156717,-0.8273081248626113
maritime_off,346,2,0,9,14,5,1,1,1,0,1.8421923341229558,0,1,1,9,10,1,14,8,-6,5,4,-1,1,3,2,1,0,-1,1,0,-1,0,0,0,1.8421923341229558,1.7880486249923706,-0.054143709130585194
maritime_off,347,3,0,8,10,5,0,1,1,0,1.6480542095378041,0,0,0,8,8,0,10,13,3,5,4,-1,0,1,1,1,2,1,1,1,0,0,0,0,1.6480542095378041,2.8639697916805744,1.2159155821427703
maritime_off,348,0,0,5,8,3,1,4,0,0,2.0157675836235285,0,0,0,5,6,1,8,7,-1,3,4,1,1,1,0,4,3,-1,0,0,0,0,0,0,2.0157675836235285,2.0268735829740763,0.01110599935054779
maritime_off,349,1,0,7,11,1,3,2,0,0,2.1072495840489864,0,0,0,7,6,-1,11,12,1,1,3,2,3,1,-2,2,5,3,0,0,0,0,0,0,2.1072495840489864,2.5545421661809087,0.44729258213192225
maritime_off,350,2,0,8,14,5,0,1,1,0,1.3360353335738182,0,0,0,8,7,-1,14,11,-3,5,5,0,0,0,0,1,5,4,1,0,-1,0,0,0,1.3360353335738182,2.1809922913089395,0.8449569577351213
maritime_off,351,3,0,6,10,5,0,4,0,0,2.2137579591944814,0,0,0,6,8,2,10,7,-3,5,3,-2,0,2,2,4,5,1,0,0,0,0,0,0,2.2137579591944814,2.4060773327946663,0.19231937360018492
maritime_off,352,0,0,5,7,2,1,3,0,0,0.9676558338105679,0,0,0,5,5,0,7,5,-2,2,2,0,1,1,0,3,5,2,0,0,0,0,0,0,0.9676558338105679,1.2680191667750478,0.3003633329644799
maritime_off,353,1,0,8,10,3,2,3,0,0,2.1244526244699955,0,0,0,8,5,-3,10,8,-2,3,4,1,2,0,-2,3,4,1,0,0,0,0,0,0,2.1244526244699955,1.2313631251454353,-0.8930894993245602
maritime_off,354,2,0,6,5,3,1,2,0,0,1.739776541478932,0,0,0,6,4,-2,5,5,0,3,4,1,1,0,-1,2,0,-2,0,0,0,0,0,0,1.739776541478932,1.2435135412961245,-0.49626300018280745
maritime_off,355,3,0,6,10,5,0,4,0,0,2.104554707184434,0,0,0,6,6,0,10,9,-1,5,5,0,0,0,0,4,3,-1,0,0,0,0,0,0,2.104554707184434,2.0140575421974063,-0.09049716498702765
maritime_off,356,0,0,5,4,2,1,4,0,0,0.8648897502571344,0,1,1,5,10,5,4,8,4,2,1,-1,1,3,2,4,3,-1,0,1,1,0,0,0,0.8648897502571344,1.122340084053576,0.25745033379644156
maritime_off,357,1,1,10,13,3,2,4,1,0,2.112207166850567,1,1,0,10,10,0,13,9,-4,3,3,0,2,2,0,4,4,0,1,1,0,0,0,0,2.112207166850567,1.641322917304933,-0.4708842495456338
maritime_off,358,2,1,10,14,5,1,4,1,0,2.4569192500784993,1,1,0,10,10,0,14,14,0,5,5,0,1,1,0,4,4,0,1,1,0,0,0,0,2.4569192500784993,2.6401542080566287,0.1832349579781294
maritime_off,359,3,1,10,11,3,3,3,0,0,2.3637356655672193,1,1,0,10,10,0,11,8,-3,3,4,1,3,1,-2,3,7,4,0,0,0,0,0,0,2.3637356655672193,1.9361802507191896,-0.4275554148480296
maritime_off,360,0,0,6,10,4,0,2,1,0,0.9470532918348908,0,1,1,6,10,4,10,8,-2,4,1,-3,0,4,4,2,4,2,1,0,-1,0,0,0,0.9470532918348908,2.389468166977167,1.4424148751422763
maritime_off,361,1,0,8,12,5,1,1,0,0,2.377841957844794,0,0,0,8,10,2,12,11,-1,5,5,0,1,1,0,1,2,1,0,1,1,0,0,0,2.377841957844794,2.102064957842231,-0.275777000002563
maritime_off,362,2,0,7,6,1,3,1,0,0,1.8684190828353167,0,1,1,7,10,3,6,7,1,1,5,4,3,1,-2,1,8,7,0,0,0,0,0,0,1.8684190828353167,2.030569582246244,0.1621504994109273
maritime_off,363,3,1,10,8,3,2,6,1,0,1.478555541485548,1,0,-1,10,5,-5,8,3,-5,3,2,-1,2,1,-1,6,4,-2,1,0,-1,0,0,0,1.478555541485548,1.1447467915713787,-0.3338087499141693
maritime_off,364,0,0,6,8,4,1,2,0,0,1.9091463331133127,0,1,1,6,10,4,8,11,3,4,4,0,1,1,0,2,3,1,0,1,1,0,0,0,1.9091463331133127,2.5838867081329226,0.6747403750196099
maritime_off,365,1,0,7,9,5,1,3,0,0,2.3716857079416513,0,1,1,7,10,3,9,11,2,5,5,0,1,1,0,3,4,1,0,1,1,0,0,0,2.3716857079416513,2.5835325848311186,0.21184687688946724
maritime_off,366,2,1,10,10,4,1,8,0,0,1.8232431253418326,1,0,-1,10,7,-3,10,5,-5,4,0,-4,1,3,2,8,1,-7,0,0,0,0,0,0,1.8232431253418326,0.9543007090687752,-0.8689424162730575
maritime_off,367,3,1,10,11,4,1,6,1,0,2.146454958245158,1,1,0,10,10,0,11,13,2,4,5,1,1,1,0,6,3,-3,1,1,0,0,0,0,2.146454958245158,2.318299874663353,0.17184491641819477
maritime_off,368,0,1,10,9,3,2,1,1,0,0.6142002083361149,1,1,0,10,10,0,9,9,0,3,3,0,2,2,0,1,1,0,1,1,0,0,0,0,0.6142002083361149,0.7203511660918593,0.10615095775574446
maritime_off,369,1,0,7,15,5,0,2,1,0,2.3838917082175612,0,0,0,7,7,0,15,15,0,5,5,0,0,0,0,2,2,0,1,1,0,0,0,0,2.3838917082175612,2.9930093344300985,0.6091176262125373
maritime_off,370,2,0,6,6,1,2,5,0,0,1.9898162502795458,0,1,1,6,10,4,6,8,2,1,1,0,2,4,2,5,5,0,0,0,0,0,0,0,1.9898162502795458,3.6062035001814365,1.6163872499018908
maritime_off,371,3,0,7,8,5,0,8,0,0,2.119910250417888,0,0,0,7,8,1,8,6,-2,5,1,-4,0,3,3,8,4,-4,0,0,0,0,0,0,2.119910250417888,1.5056172497570515,-0.6142930006608367
maritime_off,372,0,0,9,14,3,3,0,0,0,2.656172667630017,0,0,0,9,9,0,14,6,-8,3,1,-2,3,4,1,0,1,1,0,0,0,0,0,0,2.656172667630017,1.99905258230865,-0.6571200853213668
maritime_off,373,1,0,9,15,5,1,1,1,0,3.553809833712876,0,0,0,9,8,-1,15,15,0,5,5,0,1,0,-1,1,4,3,1,1,0,0,0,0,3.553809833712876,2.6218835404142737,-0.9319262932986021
maritime_off,374,2,0,6,15,4,0,1,1,0,1.7742655416950583,0,0,0,6,5,-1,15,14,-1,4,3,-1,0,0,0,1,3,2,1,1,0,0,0,0,1.7742655416950583,1.77937479224056,0.005109250545501709
maritime_off,375,3,1,10,11,2,2,4,1,0,1.9053766252472997,1,1,0,10,10,0,11,7,-4,2,3,1,2,2,0,4,7,3,1,0,-1,0,0,0,1.9053766252472997,2.2072833329439163,0.30190670769661665
maritime_off,376,0,0,9,12,3,3,1,0,0,2.5162742910906672,0,1,1,9,10,1,12,9,-3,3,4,1,3,2,-1,1,5,4,0,0,0,0,0,0,2.5162742910906672,2.6471574576571584,0.13088316656649113
maritime_off,377,1,0,4,5,2,1,2,0,0,1.5469363331794739,0,0,0,4,5,1,5,3,-2,2,1,-1,1,2,1,2,2,0,0,0,0,0,0,0,1.5469363331794739,2.302321208640933,0.7553848754614592
maritime_off,378,2,0,9,10,5,2,2,0,0,2.499191583134234,0,0,0,9,8,-1,10,6,-4,5,2,-3,2,2,0,2,2,0,0,0,0,0,0,0,2.499191583134234,1.4766704579815269,-1.022521125152707
maritime_off,379,3,0,6,10,5,0,6,0,0,1.7439985405653715,0,0,0,6,9,3,10,11,1,5,4,-1,0,2,2,6,3,-3,0,0,0,0,0,0,1.7439985405653715,2.5531798331066966,0.8091812925413251
maritime_off,380,0,1,10,9,0,4,3,0,0,2.0331612918525934,1,1,0,10,10,0,9,12,3,0,3,3,4,3,-1,3,6,3,0,0,0,0,0,0,2.0331612918525934,2.6942777493968606,0.6611164575442672
maritime_off,381,1,0,2,3,2,0,3,0,0,0.89529624953866,0,0,0,2,6,4,3,4,1,2,2,0,0,2,2,3,2,-1,0,0,0,0,0,0,0.89529624953866,1.6203755848109722,0.7250793352723122
maritime_off,382,2,1,10,11,5,1,2,1,0,1.9269395833835006,1,0,-1,10,8,-2,11,8,-3,5,2,-3,1,3,2,2,1,-1,1,0,-1,0,0,0,1.9269395833835006,1.4838271671906114,-0.4431124161928892
maritime_off,383,3,1,10,12,3,3,6,0,0,2.410110584460199,1,1,0,10,10,0,12,12,0,3,4,1,3,3,0,6,4,-2,0,0,0,0,0,0,2.410110584460199,2.8357177088037133,0.42560712434351444
maritime_off,384,0,1,10,12,2,4,1,0,0,2.4973320001736283,1,1,0,10,10,0,12,12,0,2,2,0,4,4,0,1,2,1,0,0,0,0,0,0,2.4973320001736283,2.4626665422692895,-0.03466545790433884
maritime_off,385,1,0,6,14,5,0,3,0,0,1.7960313744843006,0,1,1,6,10,4,14,11,-3,5,4,-1,0,1,1,3,4,1,0,1,1,0,0,0,1.7960313744843006,1.470868249423802,-0.3251631250604987
maritime_off,386,2,1,11,14,1,4,2,1,0,2.7822814155369997,1,1,0,11,10,-1,14,15,1,1,4,3,4,2,-2,2,2,0,1,1,0,0,0,0,2.7822814155369997,2.819495167583227,0.037213752046227455
maritime_off,387,3,0,2,2,2,0,1,0,0,1.9655994595959783,0,0,0,2,9,7,2,7,5,2,1,-1,0,4,4,1,3,2,0,0,0,0,0,0,1.9655994595959783,2.8317033741623163,0.8661039145663381
maritime_off,388,0,0,4,10,3,0,5,0,0,1.9488996658474207,0,0,0,4,5,1,10,9,-1,3,3,0,0,1,1,5,3,-2,0,0,0,0,0,0,1.9488996658474207,1.7284767916426063,-0.22042287420481443
maritime_off,389,1,0,9,13,5,0,5,1,0,2.325213124975562,0,1,1,9,10,1,13,10,-3,5,4,-1,0,1,1,5,6,1,1,1,0,0,0,0,2.325213124975562,2.03806462418288,-0.28714850079268217
maritime_off,390,2,0,5,9,5,0,2,0,0,1.9113025404512882,0,0,0,5,6,1,9,10,1,5,4,-1,0,1,1,2,3,1,0,0,0,0,0,0,1.9113025404512882,2.246645542792976,0.3353430023416877
maritime_off,391,3,0,5,8,5,0,0,0,0,1.6472980827093124,0,0,0,5,5,0,8,10,2,5,5,0,0,0,0,0,3,3,0,0,0,0,0,0,1.6472980827093124,1.736642500385642,0.08934441767632961
maritime_off,392,0,0,8,7,1,3,5,0,0,2.3815941251814365,0,1,1,8,10,2,7,10,3,1,2,1,3,4,1,5,4,-1,0,0,0,0,0,0,2.3815941251814365,3.2200076673179865,0.83841354213655
maritime_off,393,1,0,5,15,5,0,3,0,0,2.1358567494899035,0,1,1,5,10,5,15,14,-1,5,4,-1,0,1,1,3,7,4,0,1,1,0,0,0,2.1358567494899035,3.691124042496085,1.5552672930061817
maritime_off,394,2,0,5,10,5,0,2,0,0,1.4961136244237423,0,1,1,5,10,5,10,10,0,5,4,-1,0,2,2,2,1,-1,0,1,1,0,0,0,1.4961136244237423,1.8733467916026711,0.37723316717892885
maritime_off,395,3,0,6,9,4,0,2,1,0,1.6574439173564315,0,1,1,6,10,4,9,12,3,4,4,0,0,1,1,2,3,1,1,1,0,0,0,0,1.6574439173564315,2.547229583375156,0.8897856660187244
maritime_off,396,0,1,10,12,5,1,3,1,0,1.7870969166979194,1,1,0,10,10,0,12,8,-4,5,2,-3,1,3,2,3,7,4,1,0,-1,0,0,0,1.7870969166979194,2.6005261251702905,0.8134292084723711
maritime_off,397,1,0,8,7,5,0,6,0,0,1.5828474164009094,0,0,0,8,7,-1,7,7,0,5,4,-1,0,1,1,6,3,-3,0,0,0,0,0,0,1.5828474164009094,1.6594911254942417,0.07664370909333229
maritime_off,398,2,0,9,12,3,2,3,1,0,2.0345540000125766,0,0,0,9,8,-1,12,7,-5,3,2,-1,2,3,1,3,5,2,1,0,-1,0,0,0,2.0345540000125766,2.2940038749948144,0.2594498749822378
maritime_off,399,3,0,9,15,5,1,0,1,0,2.63100204244256,0,0,0,9,6,-3,15,10,-5,5,5,0,1,0,-1,0,4,4,1,0,-1,0,0,0,2.63100204244256,2.085364625789225,-0.5456374166533351
